Name,Team,Stuff+,Location+,TTO%,NameASCII,PlayerId,MLBAMID
"Evan Justice","COL",88.77636363636363,49.354545454545466,1,"Evan Justice",30008,687145
"Andrew Wantz","LAA",104.70342857142857,113.71657142857144,0.83333333,"Andrew Wantz",24933,681806
"Amir Garrett","LAA",107.81695238095239,78.45904761904762,0.70833333,"Amir Garrett",14375,607237
"Robert Stephenson","LAA",123.43733333333333,120.76933333333334,0.66666667,"Robert Stephenson",13594,596112
"Oswaldo Cabrera","NYY",56.93000000000001,58.435,0.66666667,"Oswaldo Cabrera",21707,665828
"Clayton Andrews","NYY",70.43066666666667,109.776,0.66666667,"Clayton Andrews",23631,677076
"Riley Pint","COL",85.87960784313726,77.82039215686275,0.63636364,"Riley Pint",21858,666207
"Evan Sisk","KCR",105.35761194029853,76.44925373134326,0.61538462,"Evan Sisk",24995,681895
"Rich Hill","BOS",108.31753086419752,71.9185185185185,0.6,"Rich Hill",4806,448179
"Carlos Duran","ATH",95.53777777777779,62.173333333333325,0.6,"Carlos Duran",24458,679922
"Connor Phillips","CIN",117.12666666666667,83.33333333333333,0.6,"Connor Phillips",27649,683175
"Tejay Antone","CIN",90.58723404255318,43.669787234042545,0.54545455,"Tejay Antone",16233,622088
"Mason Miller","OAK",126.88742872065461,92.14344362622131,0.53532609,"Mason Miller",31757,695243
"Fernando Cruz","- - -",103.85574358176503,87.67511591764834,0.53527981,"Fernando Cruz",7048,518585
"Aroldis Chapman","- - -",106.76406928601388,117.21940205282799,0.51295337,"Aroldis Chapman",10233,547973
"Edwin Díaz","NYM",111.7403077448488,96.34710317610894,0.50755287,"Edwin Diaz",14710,621242
"Josh Hader","HOU",114.80058874234895,104.41767137031142,0.50611247,"Josh Hader",14212,623352
"Félix Bautista","BAL",93.18577494692143,109.43694267515923,0.50458716,"Felix Bautista",20666,642585
"Jake Cousins","NYY",105.50139751552798,95.24614906832299,0.50322581,"Jake Cousins",21620,664776
"Michel Otañez","OAK",121.94619303922563,76.61828108768994,0.5027933,"Michel Otanez",22533,671305
"José Quijada","LAA",103.96885333333334,82.79749333333332,0.5,"Jose Quijada",19200,650671
"Nicky Lopez","LAA",10.68,74.32,0.5,"Nicky Lopez",19339,670032
"Parker Dunshee","ATL",86.83887323943664,48.54929577464789,0.5,"Parker Dunshee",20018,670161
"Alex Speas","HOU",119.99384615384616,89.22974358974359,0.5,"Alex Speas",21859,666208
"Dylan Coleman","HOU",98.97375,36.1575,0.5,"Dylan Coleman",22276,669395
"Austin Cox","ATL",,,0.5,"Austin Cox",24604,680735
"Andrew Saalfrank","ARI",75.21692307692307,20.842307692307696,0.5,"Andrew Saalfrank",26203,685314
"Edgardo Henriquez","LAD",114.54169491525424,92.46745762711866,0.5,"Edgardo Henriquez",26944,683618
"Andrew Hoffmann","KCR",93.97869565217393,115.92695652173914,0.5,"Andrew Hoffmann",29633,694851
"Chase Silseth","LAA",95.1157317073171,90.39329268292683,0.5,"Chase Silseth",30074,681217
"Hans Crouse","LAA",78.39100917431193,99.98619266055043,0.4953271,"Hans Crouse",22192,668968
"Prelander Berroa","CHW",111.59166197183093,77.12518309859152,0.4939759,"Prelander Berroa",22932,672860
"Jake Diekman","NYM",111.4326687116564,85.51177914110427,0.48965517,"Jake Diekman",5003,518617
"Erik Sabrowski","CLE",104.31646464646462,104.59636363636362,0.4893617,"Erik Sabrowski",24978,681870
"José Fermin","LAA",107.43979797979799,100.77393939393939,0.48888889,"Jose Fermin",33908,820862
"Ty Adcock","NYM",107.68021082960857,92.71219504032264,0.48571429,"Ty Adcock",25651,686654
"Kirby Yates","- - -",95.66014440929344,100.07979555736979,0.48348348,"Kirby Yates",9073,489446
"Craig Kimbrel","- - -",106.23526937926938,97.9311012771013,0.48085106,"Craig Kimbrel",6655,518886
"Alex Vesia","LAD",116.56788943199662,97.28871638004854,0.48081841,"Alex Vesia",25007,681911
"Brooks Raley","NYM",132.38453781512604,100.0257142857143,0.48,"Brooks Raley",10061,548384
"Devin Williams","- - -",111.7584897333742,94.87189610787617,0.47393365,"Devin Williams",15816,642207
"AJ Blubaugh","HOU",102.47928571428572,109.73809523809524,0.47368421,"AJ Blubaugh",31764,805123
"Logan Henderson","MIL",93.64684684684683,110.91957957957958,0.4691358,"Logan Henderson",31475,701656
"Mason Montgomery","TBR",126.97470352429761,99.95569130028133,0.46875,"Mason Montgomery",29770,682254
"Michael Kopech","- - -",126.5411792909181,85.80772179921074,0.46843854,"Michael Kopech",17282,656629
"Jeremiah Estrada","SDP",108.9682551780435,111.52994806344728,0.46733668,"Jeremiah Estrada",22210,669093
"Shane Bieber","CLE",90.35951807228916,103.28397590361446,0.46666667,"Shane Bieber",19427,669456
"Jairo Iriarte","CHW",88.17284671532846,75.86,0.46666667,"Jairo Iriarte",26907,683568
"Cristian Mena","ARI",95.86757192982456,95.08048187134501,0.46341463,"Cristian Mena",27974,691441
"Andrés Muñoz","SEA",114.1447226398822,90.87989084352074,0.4606414,"Andres Munoz",20373,662253
"Jeff Criswell","COL",93.52165289256197,96.18363636363635,0.45977011,"Jeff Criswell",27608,676105
"Reed Garrett","NYM",113.78977120381009,88.67524241361959,0.45866667,"Reed Garrett",16866,657585
"Gabe Speier","SEA",109.45866734489006,99.89983303613745,0.45412844,"Gabe Speier",17170,642100
"David Morgan","SDP",111.17905213270144,84.57857819905215,0.45283019,"David Morgan",31616,688158
"Andrew Nardi","MIA",106.45112831858401,104.06373893805309,0.45238095,"Andrew Nardi",25942,677053
"Fraser Ellard","CHW",98.96084514265202,86.63626224379904,0.45238095,"Fraser Ellard",29530,686642
"Bryan Abreu","HOU",108.86526807723092,89.68357071959976,0.4522293,"Bryan Abreu",16609,650556
"Braydon Fisher","TOR",105.55787797619045,107.8078883928572,0.45070423,"Braydon Fisher",24609,680755
"Ryan Burr","TOR",92.74371929824562,97.23108771929824,0.45,"Ryan Burr",17536,621114
"Doug Nikhazy","CLE",85.19822222222223,81.77666666666666,0.45,"Doug Nikhazy",30142,680951
"Chase Petty","CIN",93.6680473372781,95.35017751479289,0.45,"Chase Petty",30170,695534
"Keegan Thompson","CHC",97.66393382352939,96.78738970588236,0.4488189,"Keegan Thompson",19795,624522
"Brock Stewart","MIN",114.7497007653388,91.15812959233863,0.44805195,"Brock Stewart",16727,592779
"Brent Headrick","- - -",105.8569118436594,98.04162138945561,0.44776119,"Brent Headrick",27702,687396
"Jacob Misiorowski","MIL",127.87077844311376,88.09580838323353,0.44736842,"Jacob Misiorowski",31623,694819
"Joe Boyle","- - -",104.97117318600941,82.09582890646449,0.44672131,"Joe Boyle",29608,671212
"Blake Snell","- - -",104.07704200597067,103.38967970717019,0.44612069,"Blake Snell",13543,605483
"Omar Cruz","SDP",98.04444444444444,78.67950617283951,0.44444444,"Omar Cruz",23875,678316
"Marc Church","TEX",94.82508771929824,88.21298245614034,0.44444444,"Marc Church",26353,687847
"Wikelman González","CHW",91.98432432432432,73.78,0.44444444,"Wikelman Gonzalez",26641,682790
"Ian Seymour","TBR",86.89714285714287,81.55642857142857,0.44444444,"Ian Seymour",27932,693855
"Luke Little","CHC",90.31624144633535,91.58831902131932,0.44347826,"Luke Little",28036,681432
"David Robertson","TEX",111.79049586776854,97.00325619834707,0.44256757,"David Robertson",8241,502085
"Michael Mercado","PHI",99.40456223942823,87.36657454834227,0.44047619,"Michael Mercado",23223,675650
"Nick Burdi","- - -",108.01895700912698,78.54759483133677,0.43939394,"Nick Burdi",16074,595897
"Brandon Hughes","ARI",97.11083150309153,99.57950605523361,0.43820225,"Brandon Hughes",23460,676714
"Mark Leiter Jr.","- - -",89.207028993396,103.0058440870168,0.43814433,"Mark Leiter Jr.",15551,643410
"Daniel Robert","- - -",112.97679377856609,97.08565113582098,0.4375,"Daniel Robert",21229,642016
"Justin Martinez","ARI",119.40501890617905,90.87696063571934,0.43733333,"Justin Martinez",24453,679885
"Andrew Chafin","- - -",98.14123293988968,91.08791492794016,0.43666667,"Andrew Chafin",12988,605177
"Luis Mey","CIN",108.76243727598566,88.77405017921146,0.43548387,"Luis Mey",25620,682825
"Daysbel Hernández","ATL",111.14801210661214,89.18013325234479,0.43502825,"Daysbel Hernandez",20271,678226
"Nick Hernandez","HOU",85.65026939647906,97.10924591910353,0.43478261,"Nick Hernandez",19281,663321
"Griffin Jax","MIN",109.47044308800474,121.45057545031187,0.43478261,"Griffin Jax",20253,643377
"Jeff Hoffman","- - -",113.93837578397287,97.06336526081978,0.43467337,"Jeff Hoffman",17432,656546
"Sean Reid-Foley","NYM",91.74697674418607,87.49116279069767,0.43333333,"Sean Reid-Foley",17034,656887
"Dedniel Núñez","NYM",108.11393253400288,97.81261737403106,0.43312102,"Dedniel Nunez",23055,673380
"Yency Almonte","CHC",112.83835205992511,93.67333333333337,0.43283582,"Yency Almonte",15068,622075
"Yimi García","- - -",121.09139266614812,97.67476160944676,0.43220339,"Yimi Garcia",12095,554340
"Jacob Waguespack","TBR",81.55402714932127,100.91013574660633,0.43137255,"Jacob Waguespack",18318,621097
"José Leclerc","- - -",102.73343193291437,95.31972198559046,0.43113772,"Jose Leclerc",14524,600917
"Cade Smith","CLE",105.2845970242429,104.5734687790778,0.43087558,"Cade Smith",27867,671922
"Lance McCullers Jr.","HOU",102.79938983050846,91.94081355932204,0.43065693,"Lance McCullers Jr.",14120,621121
"Drew Smith","NYM",101.24922619047616,96.64464285714286,0.43037975,"Drew Smith",17755,622098
"Kyle Bradish","BAL",97.12234769687964,109.67679049034174,0.42944785,"Kyle Bradish",24586,680694
"Tyler Duffey","KCR",91.1862433862434,101.74021164021163,0.42857143,"Tyler Duffey",13758,608648
"Brandon Young","BAL",91.2015909090909,105.41170454545454,0.42857143,"Brandon Young",27819,687064
"Nick Sandlin","- - -",100.1440894242104,91.3837867119571,0.42808219,"Nick Sandlin",20517,680704
"Tyler Glasnow","LAD",106.03253046576499,98.31262570391868,0.42737896,"Tyler Glasnow",14374,607192
"Dany Jiménez","OAK",94.51482142857142,88.3940625,0.42735043,"Dany Jimenez",21170,666204
"Tyler Beede","CLE",90.32931818181818,93.53136363636364,0.42647059,"Tyler Beede",16981,595881
"Erik Miller","SFG",104.28546182546208,96.83866901041371,0.4256927,"Erik Miller",26252,669062
"Victor Mederos","LAA",97.38365397766127,88.71945064964667,0.425,"Victor Mederos",31533,682989
"Seranthony Domínguez","- - -",116.48917371748587,89.15693481103057,0.42368421,"Seranthony Dominguez",19249,622554
"Porter Hodge","CHC",105.67029399092442,90.95635591564606,0.4233871,"Porter Hodge",26413,687863
"Alex Lange","DET",100.63552,90.60005333333332,0.42222222,"Alex Lange",19883,656638
"Reid Detmers","LAA",105.90402563628868,100.50059131443638,0.42184557,"Reid Detmers",27468,672282
"Garrett Crochet","- - -",115.03644530637033,100.3706317928084,0.42157842,"Garrett Crochet",27463,676979
"Scott Barlow","- - -",102.89281617432083,85.31962716145385,0.42146597,"Scott Barlow",14993,605130
"Cole Henry","WSN",110.75149425287357,98.7368965517241,0.42105263,"Cole Henry",27570,669371
"Chayce McDermott","BAL",90.74514000486973,79.08422692963232,0.42105263,"Chayce McDermott",29866,694646
"Robbie Ray","SFG",100.0661996667406,91.23461738384634,0.42094862,"Robbie Ray",11486,592662
"Danny Young","NYM",112.16231174582323,86.1129558630325,0.42079208,"Danny Young",18439,664849
"Abner Uribe","MIL",117.73417563238706,97.48432585883133,0.42056075,"Abner Uribe",25327,682842
"Spencer Strider","ATL",100.49236545682102,95.05441802252817,0.42051282,"Spencer Strider",27498,675911
"Joey Cantillo","CLE",91.95218335184802,98.99946995443504,0.41958042,"Joey Cantillo",23335,676282
"Austin Adams","OAK",90.06306145251399,100.59832402234645,0.41884817,"Austin Adams",13801,613534
"Noah Murdock","ATH",109.09503797468355,87.40197468354428,0.41836735,"Noah Murdock",27908,668716
"Emilio Pagán","CIN",108.34859627569121,101.27934933224562,0.41811847,"Emilio Pagan",14771,641941
"Luis Gil","NYY",105.62817293233083,91.96086466165413,0.41758242,"Luis Gil",21052,661563
"Adam Ottavino","- - -",107.69586404892428,94.18661352727241,0.41732283,"Adam Ottavino",1247,493603
"Camilo Doval","SFG",109.07936578513639,94.59963181872992,0.41707317,"Camilo Doval",21992,666808
"Jacob Lopez","- - -",90.77716085673586,99.1860739143264,0.41706161,"Jacob Lopez",25098,682052
"Zach Logue","LAD",90.73069767441861,108.05627906976743,0.41666667,"Zach Logue",20231,656657
"Tyler Zuber","- - -",114.4824,97.73626666666665,0.41666667,"Tyler Zuber",20379,676604
"A.J. Puk","- - -",109.5182273803289,111.47894129963646,0.41641337,"A.J. Puk",19343,640462
"Triston McKenzie","CLE",89.5392107452688,80.45109001246686,0.41621622,"Triston McKenzie",18000,663474
"Juan Morillo","ARI",111.92399999999999,93.31672222222221,0.41573034,"Juan Morillo",21924,666661
"Tony Gonsolin","LAD",94.55798679867986,94.36491749174917,0.41401274,"Tony Gonsolin",19388,664062
"Cole Ragans","KCR",109.473012336784,99.49835351130133,0.41400618,"Cole Ragans",21846,666142
"Ryan Zeferjahn","LAA",118.68298430362881,88.52267665584564,0.41304348,"Ryan Zeferjahn",25420,666171
"Thyago Vieira","- - -",100.00468720304706,93.71123256631135,0.41242938,"Thyago Vieira",14510,600986
"Vladimir Gutierrez","MIA",86.09424999999999,105.853,0.41176471,"Vladimir Gutierrez",19278,661269
"Deivi García","CHW",99.00723404255321,78.51113475177303,0.41176471,"Deivi Garcia",20276,665620
"Colin Selby","- - -",96.8676439790576,95.62104712041887,0.41176471,"Colin Selby",24986,681882
"Lake Bachar","MIA",97.16953360662596,94.83483650734202,0.41145833,"Lake Bachar",19222,669199
"Garrett Cleavinger","TBR",112.45404454211679,91.37451272612367,0.41038961,"Garrett Cleavinger",17897,664076
"Edwin Uceta","TBR",100.46315470659104,104.24584417784051,0.41016949,"Edwin Uceta",20539,670955
"Zack Thompson","STL",89.44258675078864,98.62927444794951,0.40963855,"Zack Thompson",25918,668868
"Hayden Birdsong","SFG",100.12941547050275,89.85782938484691,0.40917431,"Hayden Birdsong",31635,806185
"Sean Reynolds","SDP",103.02601416950932,95.89993385375668,0.40875912,"Sean Reynolds",22253,669308
"Connor Brogdon","- - -",103.39405753082009,93.8815710797451,0.40860215,"Connor Brogdon",21205,641401
"Yuki Matsui","SDP",102.74411100533143,94.53014580088426,0.40837696,"Yuki Matsui",33826,673513
"Caden Dana","LAA",88.60915089962364,77.35105377120173,0.40740741,"Caden Dana",31508,702674
"Luke Weaver","NYY",99.49706523505495,99.51421620241503,0.40697674,"Luke Weaver",16918,596133
"Isaac Mattson","PIT",95.48517928286853,90.38948207171316,0.40625,"Isaac Mattson",20385,676755
"Will Warren","NYY",103.02682999008903,101.10994441330516,0.40503432,"Will Warren",30182,701542
"Jack Flaherty","- - -",98.65131534815058,103.2713704324502,0.40471311,"Jack Flaherty",17479,656427
"Tyler Ferguson","OAK",111.16857463695598,91.96304780940079,0.4045584,"Tyler Ferguson",19481,621053
"John McMillon","MIA",95.51027932960896,89.63608938547483,0.40425532,"John McMillon",27942,669111
"Lucas Sims","- - -",112.9715120222854,83.82836396431041,0.40418118,"Lucas Sims",13470,608371
"Spencer Arrighetti","HOU",100.45423626259664,97.92147729066326,0.40387481,"Spencer Arrighetti",29921,681293
"Tylor Megill","NYM",105.37399696056029,96.2017054617222,0.40342679,"Tylor Megill",21318,656731
"Keegan Akin","BAL",108.99168924315552,100.3295621921826,0.4030837,"Keegan Akin",19362,669211
"Dylan Cease","SDP",109.37776181055116,102.44155723371026,0.40264317,"Dylan Cease",18525,656302
"Yosver Zulueta","CIN",106.68103556999635,84.92603413304073,0.4025974,"Yosver Zulueta",27765,691172
"Pierce Johnson","ATL",103.51927636741934,101.51826836123655,0.40233236,"Pierce Johnson",13435,572955
"Dylan Lee","ATL",104.49146670812247,102.02795705367087,0.40217391,"Dylan Lee",19996,669276
"Grant Anderson","- - -",102.99382590620567,103.80701369889013,0.40143369,"Grant Anderson",20546,681982
"Brendon Little","TOR",119.33160968207459,86.93461335946652,0.40059347,"Brendon Little",21574,663893
"DJ Herz","WSN",98.80060759493672,93.37259493670885,0.40052356,"DJ Herz",26389,687792
"Robert Stock","BOS",90.77525423728814,81.75050847457626,0.4,"Robert Stock",6576,476594
"Héctor Neris","- - -",94.71819495126383,98.96841032369437,0.4,"Hector Neris",11804,593576
"Matt Koch","COL",100.80956521739132,86.72086956521738,0.4,"Matt Koch",13420,571863
"Tanner Scott","- - -",122.11693676941047,99.32316753616638,0.4,"Tanner Scott",17586,656945
"Kaleb Ort","HOU",110.45811894882435,94.46414740711266,0.4,"Kaleb Ort",20061,672391
"Codi Heuer","TEX",102.75399999999999,116.13,0.4,"Codi Heuer",23293,676051
"Amos Willingham","WSN",111.394,100.673,0.4,"Amos Willingham",26128,686294
"Clayton Beeter","NYY",104.55019607843138,107.67921568627452,0.4,"Clayton Beeter",27494,690925
"Emmet Sheehan","LAD",101.4753125,102.6365625,0.4,"Emmet Sheehan",29839,686218
"Jordan Romano","- - -",103.0542374762545,104.28400774646384,0.3989071,"Jordan Romano",16122,605447
"A.J. Minter","- - -",108.50293118320336,99.13170940339326,0.3988764,"A.J. Minter",18655,621345
"Edward Cabrera","MIA",100.91866257783262,97.01104961282738,0.39880952,"Edward Cabrera",21690,665795
"Steven Wilson","CHW",102.8489267185812,91.7430527715501,0.39849624,"Steven Wilson",20353,621051
"Touki Toussaint","- - -",90.94186248992997,82.05556128772385,0.3984375,"Touki Toussaint",16929,657053
"Ryan Helsley","STL",128.27230990766404,94.4848466813636,0.3974026,"Ryan Helsley",18138,664854
"Bryan Baker","BAL",106.43092478287839,101.9785402467604,0.39732143,"Bryan Baker",19804,641329
"Carlos Rodón","NYY",108.65689841249456,95.29567442932719,0.39695341,"Carlos Rodon",16137,607074
"Nick Nastrini","CHW",90.17719400210035,73.47444512177661,0.39655172,"Nick Nastrini",29833,680897
"Luis Frías","- - -",100.47979565217395,89.57512608695652,0.39622642,"Luis Frias",21997,666818
"Tyler Kinley","COL",97.10235577546042,98.8118812976508,0.39545455,"Tyler Kinley",18297,641755
"Jay Jackson","MIN",93.5967256637168,99.25676991150442,0.39473684,"Jay Jackson",7432,543351
"Gregory Soto","- - -",117.22587571807372,89.71346263084271,0.39444444,"Gregory Soto",19677,642397
"Freddy Peralta","MIL",100.00217709024656,101.37490953456225,0.39430147,"Freddy Peralta",18679,642547
"Bennett Sousa","HOU",106.10472148541115,99.8942175066313,0.39423077,"Bennett Sousa",21345,656986
"Ron Marinaccio","NYY",100.06121827411168,90.52157360406092,0.39393939,"Ron Marinaccio",23488,676760
"Hunter Greene","CIN",116.43053637056765,97.11587946607123,0.39386792,"Hunter Greene",22182,668881
"Giovanny Gallegos","STL",91.76433915211969,94.33705735660851,0.39361702,"Giovanny Gallegos",14986,606149
"Dominic Leone","CHW",98.64520775623267,88.20554016620503,0.39325843,"Dominic Leone",13763,608678
"Daniel Palencia","CHC",112.9204931878274,87.75206981515048,0.39325843,"Daniel Palencia",27914,694037
"Michael Soroka","- - -",95.76954589478181,95.374695916904,0.39298246,"Michael Soroka",18383,647336
"Jack Neely","CHC",108.09510204081633,82.03285714285714,0.39285714,"Jack Neely",30106,680891
"Craig Yoho","MIL",93.65807407407407,97.94977777777775,0.39285714,"Craig Yoho",33248,684974
"José Cisnero","LAA",103.85678456591637,86.61588424437298,0.39189189,"Jose Cisnero",6399,542585
"Chris Sale","ATL",105.353852902567,107.93085187612034,0.39179104,"Chris Sale",10603,519242
"José Buttó","NYM",95.4184149775909,90.03532111903506,0.3916849,"Jose Butto",23313,676130
"Zak Kent","CLE",90.46336448598133,78.8441121495327,0.39130435,"Zak Kent",25703,687849
"John Brebbia","- - -",96.94028543648334,102.16508298902119,0.39104478,"John Brebbia",12777,605154
"Hunter Bigge","- - -",100.86049757537423,105.80244570946658,0.39097744,"Hunter Bigge",26259,685801
"Blake Treinen","LAD",105.83055226988746,107.98311123451643,0.39090909,"Blake Treinen",12572,595014
"Jason Adam","- - -",107.0484564238991,92.37773540257002,0.390625,"Jason Adam",11861,592094
"Jonathan Bowlan","KCR",104.50415584415585,98.82681818181817,0.38961039,"Jonathan Bowlan",24607,680742
"Bryan Hudson","MIL",98.25978683319143,98.25754737417473,0.38947368,"Bryan Hudson",19924,663542
"Zack Wheeler","PHI",110.34548334533183,105.41937864308767,0.38917976,"Zack Wheeler",10310,554430
"Garrett Whitlock","BOS",97.14990150753769,104.70416871859294,0.38888889,"Garrett Whitlock",20191,676477
"Hurston Waldrep","ATL",101.00255639097745,64.48240601503761,0.38888889,"Hurston Waldrep",33527,694462
"Justin Anderson","CHW",106.56046511627903,89.15355179704012,0.38842975,"Justin Anderson",16201,605121
"Zack Kelly","BOS",113.20384835920713,98.44540805621531,0.38787879,"Zack Kelly",20349,677161
"Nick Pivetta","- - -",101.62754823826997,109.57129468846033,0.3875803,"Nick Pivetta",15454,601713
"Trevor Megill","MIL",120.7377670671071,99.93521316432324,0.38720539,"Trevor Megill",17722,656730
"Paul Skenes","PIT",108.3453057794657,109.8601294801751,0.38716814,"Paul Skenes",33677,694973
"Michael King","SDP",96.8188172733578,103.5738117501991,0.38696109,"Michael King",19853,650633
"Joe Jiménez","ATL",103.64860294117642,103.61290441176469,0.38628159,"Joe Jimenez",15761,641729
"Jordan Leasure","CHW",99.43538026730721,92.03129133810137,0.38576779,"Jordan Leasure",29950,673929
"David Festa","MIN",95.88955208850041,102.72331890684134,0.38571429,"David Festa",30056,701581
"Tayler Scott","- - -",93.38735462806699,94.83283830070944,0.38560411,"Tayler Scott",13652,605463
"Blake Walston","ARI",89.15527696793004,90.32122448979592,0.38554217,"Blake Walston",26270,686796
"George Soriano","MIA",94.21090966557854,96.59456471194466,0.38495575,"George Soriano",21863,666277
"Joe Kelly","LAD",107.87405109489052,91.10770072992702,0.38461538,"Joe Kelly",9761,523260
"Matt Andriese","MIA",91.60249999999999,107.16750000000002,0.38461538,"Matt Andriese",12022,542882
"Michael Fulmer","BOS",99.83047619047619,80.03777777777779,0.38461538,"Michael Fulmer",13218,605242
"Sam Hentges","CLE",100.19342857142853,111.67794285714284,0.38461538,"Sam Hentges",18548,656529
"Nick Nelson","PHI",93.82333333333334,97.13625000000002,0.38461538,"Nick Nelson",20153,656793
"Randy Wynne","CIN",94.27659574468085,116.77489361702126,0.38461538,"Randy Wynne",25804,691094
"Bobby Miller","LAD",105.78797796156692,92.59602978034752,0.38461538,"Bobby Miller",27483,676272
"Zebby Matthews","MIN",100.10671244061967,99.95528526572386,0.38461538,"Zebby Matthews",31827,805673
"Thomas Harrington","PIT",93.85466666666667,93.3832,0.38461538,"Thomas Harrington",31989,802419
"David Bednar","PIT",108.27410711435961,99.86575478599471,0.38378378,"David Bednar",19569,670280
"Ronny Henriquez","- - -",103.64876270942132,95.69925016724137,0.38333333,"Ronny Henriquez",24094,678692
"Matt Strahm","PHI",112.59024186971202,100.218823140691,0.38315217,"Matt Strahm",13799,621381
"Riley O'Brien","STL",110.09980403523811,89.46124872818869,0.38297872,"Riley O'Brien",20348,676617
"Mason Fluharty","TOR",117.23330708661422,89.60043307086612,0.3828125,"Mason Fluharty",31553,689254
"Ryne Stanek","- - -",109.9581198279888,98.83818638028244,0.38243626,"Ryne Stanek",15947,592773
"Juan Mejia","COL",103.2912718204489,93.64189526184542,0.38235294,"Juan Mejia",23237,675848
"Colin Poche","- - -",94.8724524286403,94.45751339164991,0.38190955,"Colin Poche",19403,621363
"Grant Holmes","ATL",90.37124634856417,100.3719772872235,0.38170347,"Grant Holmes",16944,656550
"Ian Hamilton","NYY",103.22417446043166,92.05785860542338,0.38148148,"Ian Hamilton",19261,641656
"José Suarez","- - -",100.28822999884935,86.5200000920005,0.38148148,"Jose Suarez",19911,660761
"Yennier Cano","BAL",109.6531983144856,107.1418625976785,0.38121547,"Yennier Cano",25911,666974
"Matt Krook","- - -",97.91417620706821,104.41118715778994,0.38095238,"Matt Krook",19315,640454
"Hunter Brown","HOU",106.50255879197955,98.84938955298605,0.38032167,"Hunter Brown",25880,686613
"Jorge Alcala","- - -",107.05093167332352,99.05451537867576,0.38028169,"Jorge Alcala",19459,660896
"Justin Sterner","- - -",107.88190263002969,83.61270943716544,0.38028169,"Justin Sterner",27694,686993
"Jonathan Hernández","- - -",103.40497002350166,89.36585564221583,0.38020833,"Jonathan Hernandez",17464,642546
"MacKenzie Gore","WSN",102.58760921882751,100.12597638281082,0.3794964,"MacKenzie Gore",22201,669022
"Tony Santillan","CIN",101.16108214334746,108.0379403319552,0.37878788,"Tony Santillan",19926,663574
"Alek Manoah","TOR",87.30147959183671,91.24913265306122,0.37864078,"Alek Manoah",26410,666201
"Yoshinobu Yamamoto","LAD",95.67062658790172,107.34214011559015,0.37853107,"Yoshinobu Yamamoto",33825,808967
"Steven Okert","- - -",114.12417024676925,103.21697701430604,0.37847222,"Steven Okert",13580,595345
"Kenley Jansen","- - -",118.21174719752607,96.86034268508536,0.37837838,"Kenley Jansen",3096,445276
"Ronel Blanco","HOU",89.79190552840052,102.63898340922273,0.37828571,"Ronel Blanco",19407,669854
"Alexis Díaz","CIN",92.22227436823103,101.90851985559563,0.37818182,"Alexis Diaz",21132,664747
"Ben Brown","CHC",98.70858620120504,96.93738066202701,0.37769784,"Ben Brown",23590,676962
"Randy Rodríguez","SFG",112.39672693545675,93.6447115445404,0.37752161,"Randy Rodriguez",23974,678495
"Jacob Latz","TEX",103.4700576640301,96.31132146176253,0.37735849,"Jacob Latz",21306,656641
"Colin Holderman","PIT",113.81886795189406,89.09295781901275,0.37710438,"Colin Holderman",22361,670059
"Nick Mears","- - -",105.6584366857387,99.27512060748657,0.37704918,"Nick Mears",25376,683232
"Gavin Williams","CLE",100.63681374743884,97.36396051028406,0.3768997,"Gavin Williams",30122,668909
"Luis Contreras","HOU",91.36752894310965,93.73811153989793,0.37681159,"Luis Contreras",25839,664351
"Evan Phillips","LAD",115.32446830980193,102.72105522429285,0.376,"Evan Phillips",17734,623465
"Chris Devenski","- - -",99.49253116040252,96.36599327165683,0.37588652,"Chris Devenski",12763,606965
"Enyel De Los Santos","- - -",94.03237811667947,106.6593973408072,0.37530864,"Enyel De Los Santos",18403,660853
"Julio Teheran","NYM",87.99764705882353,90.04176470588236,0.375,"Julio Teheran",6797,527054
"Bryan Shaw","CHW",92.3218691588785,82.83495327102804,0.375,"Bryan Shaw",8110,543766
"Carl Edwards Jr.","- - -",87.3206779661017,92.55016949152542,0.375,"Carl Edwards Jr.",13607,605218
"Mike Yastrzemski","SFG",59.77448275862069,32.37931034482759,0.375,"Mike Yastrzemski",14854,573262
"Josh Rojas","SEA",63.24148148148148,93.95629629629629,0.375,"Josh Rojas",19734,668942
"Vidal Bruján","MIA",40.38436363636363,83.01454545454546,0.375,"Vidal Brujan",20536,660644
"Brooks Kriske","CHC",94.48129032258063,58.73612903225807,0.375,"Brooks Kriske",21189,621139
"Elvis Alvarado","ATH",108.76508196721312,83.01409836065574,0.375,"Elvis Alvarado",21662,665660
"Sauryn Lao","SEA",75.979,84.7995,0.375,"Sauryn Lao",21922,666659
"Paxton Schultz","TOR",94.55144475920679,98.91750708215297,0.375,"Paxton Schultz",25501,687606
"Jared Jones","PIT",103.78157949790793,104.89171548117157,0.375,"Jared Jones",27863,683003
"Paul Gervase","TBR",91.1576,70.88959999999999,0.375,"Paul Gervase",31571,801434
"Alex Faedo","DET",97.27779636143055,97.43154353026353,0.37398374,"Alex Faedo",19874,656412
"Tim Herrin","CLE",99.57235477865234,96.15212764714747,0.37398374,"Tim Herrin",25139,682120
"Jose Cuas","- - -",98.183197492163,85.09742946708462,0.37349398,"Jose Cuas",17701,621016
"Sonny Gray","STL",97.04707618661158,104.18449896788597,0.37328094,"Sonny Gray",12768,543243
"Ryan Walker","SFG",111.02444208716963,102.33810394249403,0.37327189,"Ryan Walker",20423,676254
"Sam Long","KCR",100.36645396643473,95.29810272615637,0.37327189,"Sam Long",25379,669674
"Cam Booser","- - -",111.13878063970515,95.68210655251686,0.37288136,"Cam Booser",16061,592155
"Jake Bird","COL",109.98518224063129,94.08797402152345,0.37190083,"Jake Bird",21267,656234
"Ryan Pepiot","TBR",109.12829192417682,99.86149422566935,0.3715847,"Ryan Pepiot",26221,686752
"Logan Gilbert","SEA",96.77942802542546,113.21353866081023,0.37148803,"Logan Gilbert",22250,669302
"Matt Moore","LAA",103.35594817432273,86.58565371024737,0.37142857,"Matt Moore",1890,519043
"Zach Brzykcy","WSN",90.8352936471721,91.28796490839477,0.37142857,"Zach Brzykcy",27783,694350
"José Alvarado","PHI",112.35287676079194,99.75671380657667,0.37134503,"Jose Alvarado",17780,621237
"Taj Bradley","TBR",105.1601942082001,90.03592055011725,0.3713355,"Taj Bradley",22543,671737
"Yariel Rodríguez","TOR",96.27157861036403,94.74662680626855,0.37131631,"Yariel Rodriguez",33838,684320
"Yusei Kikuchi","- - -",100.89549901528719,105.45196956459665,0.37109723,"Yusei Kikuchi",20633,579328
"Paul Sewald","- - -",116.47247410960401,94.7387101910828,0.37089202,"Paul Sewald",13892,623149
"Taylor Rogers","- - -",104.14973224229009,97.64608388811993,0.37078652,"Taylor Rogers",13449,573124
"Kodai Senga","NYM",94.62194580366577,96.77429542182236,0.37060703,"Kodai Senga",31838,673540
"Josh Maciejewski","NYY",85.62104166666666,92.71395833333334,0.37037037,"Josh Maciejewski",21310,656671
"Roddery Muñoz","- - -",97.24377977260552,91.58427632709464,0.37037037,"Roddery Munoz",25311,682610
"Jhoan Duran","MIN",124.98557648958993,91.92555881693625,0.37027027,"Jhoan Duran",21029,661395
"Easton Lucas","- - -",103.32601842763444,90.6866371807544,0.37012987,"Easton Lucas",26058,687922
"Eric Lauer","TOR",93.07931535044956,97.83201061640126,0.36956522,"Eric Lauer",19316,641778
"Tarik Skubal","DET",113.91141729344895,102.81817689384785,0.36940966,"Tarik Skubal",22267,669373
"Bryan King","HOU",99.39422276133315,106.40029568232676,0.36929461,"Bryan King",25890,687911
"Elvin Rodriguez","MIL",93.15008987245764,94.8760965848364,0.36904762,"Elvin Rodriguez",20962,660730
"Ray Kerr","ATL",101.23540469973891,90.93618798955613,0.36893204,"Ray Kerr",23809,678061
"Caleb Thielbar","- - -",112.1413840412613,102.81427526641104,0.36890244,"Caleb Thielbar",10078,573204
"Justin Wilson","- - -",107.60746638142281,95.72695856787065,0.36875,"Justin Wilson",4301,458677
"Grayson Rodriguez","BAL",107.68981549815494,105.60374275171324,0.36863544,"Grayson Rodriguez",24492,680570
"Andrew Walters","CLE",110.22360559964727,83.08735229276897,0.36842105,"Andrew Walters",33834,689958
"Charlie Morton","- - -",98.31338568039881,95.54217025819666,0.36769078,"Charlie Morton",4676,450203
"Seth Halvorsen","COL",111.36067401743306,95.3765951685022,0.36723164,"Seth Halvorsen",33294,678020
"Luke Jackson","- - -",97.87508571815651,105.83694377897984,0.36686391,"Luke Jackson",11752,592426
"Ryan Fernandez","STL",102.65164161624321,92.21870161763732,0.36666667,"Ryan Fernandez",24862,681676
"Ryan Gusto","HOU",100.51232076570952,98.80092065870045,0.36666667,"Ryan Gusto",26440,687473
"Jake Eder","- - -",83.95515151515151,83.48499999999999,0.36666667,"Jake Eder",27590,671109
"Robert Garcia","- - -",102.27495078894393,103.48947659336864,0.36657682,"Robert Garcia",23363,676395
"Tommy Kahnle","- - -",91.77898632049192,89.43341429624016,0.36633663,"Tommy Kahnle",11384,592454
"Phil Maton","- - -",98.14025731307535,100.32059557438822,0.36623377,"Phil Maton",18064,664208
"Trevor Richards","- - -",101.51240961161558,95.62385874782959,0.36610169,"Trevor Richards",19309,670950
"Sam Moll","CIN",105.11525783111465,95.43495136293095,0.36585366,"Sam Moll",14874,594580
"Danny Coulombe","- - -",105.28356246590285,98.98240509638113,0.3655914,"Danny Coulombe",13293,543056
"Spencer Turnbull","- - -",100.1297954118843,102.61912508719179,0.36470588,"Spencer Turnbull",16207,605513
"Shawn Dubin","HOU",96.98475940507436,88.19090113735784,0.36458333,"Shawn Dubin",24977,681869
"Troy Taylor","SEA",106.9772118479201,100.63508134191356,0.36440678,"Troy Taylor",31883,700187
"Brock Burke","- - -",100.61073671170851,95.21862923780097,0.36426117,"Brock Burke",17968,656271
"Eduard Bazardo","SEA",102.91582899756332,101.52530053949761,0.36398467,"Eduard Bazardo",20997,660825
"Daniel Hudson","LAD",101.01190990990985,104.66888288288281,0.36363636,"Daniel Hudson",7146,543339
"Erik Swanson","TOR",94.00767862201822,93.75611668272045,0.36363636,"Erik Swanson",16587,657024
"Ben Rortvedt","TBR",50.69888888888889,77.03888888888888,0.36363636,"Ben Rortvedt",20287,666163
"J.B. Bukauskas","MIL",98.39318181818182,99.7409090909091,0.36363636,"J.B. Bukauskas",20491,656266
"Josiah Gray","WSN",94.37337142857145,88.83005714285713,0.36363636,"Josiah Gray",24580,680686
"Josh Simpson","MIA",99.30790697674418,101.27395348837209,0.36363636,"Josh Simpson",25957,681006
"Zac Kristofak","LAA",89.98051282051281,82.82410256410257,0.36363636,"Zac Kristofak",27585,670219
"Frankie Montas","- - -",102.42102696444843,98.43670195387632,0.36335878,"Frankie Montas",14309,593423
"Sean Manaea","NYM",98.31765840220392,97.18008815426997,0.36314363,"Sean Manaea",15873,640455
"Ryan Miller","LAA",99.8113183279743,102.59485530546624,0.36206897,"Ryan Miller",22187,668943
"Clarke Schmidt","NYY",104.47060668138147,101.5243338948273,0.36190476,"Clarke Schmidt",19899,657376
"Joe Ryan","MIN",104.81742139524798,107.39705908065082,0.36082474,"Joe Ryan",21390,657746
"Dan Altavilla","- - -",97.96972224371372,92.62730522243713,0.36065574,"Dan Altavilla",16507,656186
"Huascar Brazobán","- - -",101.878687667145,94.94343224344682,0.36052632,"Huascar Brazoban",6107,623211
"Nate Pearson","- - -",111.63539971113079,93.52366034571122,0.36046512,"Nate Pearson",20160,663878
"Jesse Hahn","SEA",99.58961038961041,83.47948051948052,0.36,"Jesse Hahn",13287,534910
"Jose E. Hernandez","PIT",98.62404494382021,102.90382022471911,0.36,"Jose E. Hernandez",22318,669796
"Mike Baumann","- - -",103.05430842418706,96.13907157177937,0.35984848,"Mike Baumann",20206,657508
"Zac Gallen","ARI",91.06842441956573,104.11247051050616,0.35980392,"Zac Gallen",19291,668678
"Calvin Faucher","MIA",105.65956469473711,96.43121739211254,0.35977337,"Calvin Faucher",20116,676534
"Kyle Nicolas","PIT",106.47571840340044,79.2700618538443,0.35973597,"Kyle Nicolas",27775,693312
"Reynaldo López","ATL",98.0072911907799,102.29023962777201,0.35915493,"Reynaldo Lopez",16400,625643
"Orion Kerkering","PHI",119.43953823843509,104.83226899722253,0.35897436,"Orion Kerkering",31776,689147
"Tanner Rainey","- - -",103.1693788768309,84.1464674138647,0.35820896,"Tanner Rainey",17610,663432
"Landon Knack","LAD",93.79197120029222,100.76741806469916,0.3580786,"Landon Knack",27487,689017
"Mike Clevinger","CHW",93.39717524482688,92.04715896750649,0.35779817,"Mike Clevinger",12808,605182
"Mike Burrows","PIT",92.53467278999139,100.21827160493828,0.35766423,"Mike Burrows",24728,681347
"Hogan Harris","OAK",95.65670788065104,98.39477274776675,0.35730337,"Hogan Harris",21520,663687
"Pedro Avila","- - -",87.99344991206773,95.68274329225045,0.35694051,"Pedro Avila",18864,658648
"Gerrit Cole","NYY",106.90644908616187,100.41877284595297,0.35641026,"Gerrit Cole",13125,543037
"Dane Dunning","TEX",90.16177170041544,93.60038800148305,0.35632184,"Dane Dunning",19409,641540
"Liam Hendriks","BOS",93.38275862068966,88.66767241379311,0.3559322,"Liam Hendriks",3548,521230
"Brandon Williamson","CIN",93.43803635038861,90.06374230893783,0.3559322,"Brandon Williamson",25463,682227
"Michael Tonkin","- - -",102.70475345717448,98.27811951919385,0.35588235,"Michael Tonkin",10315,543859
"Beau Brieske","DET",100.19672939498315,96.96791221194505,0.35584416,"Beau Brieske",26079,689225
"Will Klein","- - -",99.69262011173184,96.88718770949723,0.35555556,"Will Klein",27787,694361
"Aaron Ashby","MIL",109.6638955673306,101.47454877435558,0.35542169,"Aaron Ashby",23550,676879
"Caleb Ferguson","- - -",103.775210849295,98.5203332243866,0.35509138,"Caleb Ferguson",19349,657571
"Austin Voth","SEA",100.52117163412125,101.64842754367928,0.35483871,"Austin Voth",15047,608723
"Luis Peralta","COL",96.84831431966725,88.79643493761141,0.35483871,"Luis Peralta",24203,678821
"Buck Farmer","CIN",99.03643429667247,100.21754445892702,0.35451505,"Buck Farmer",14814,571656
"Drew Smyly","CHC",104.65086956521742,101.86205533596839,0.3540856,"Drew Smyly",11760,592767
"DL Hall","MIL",88.96201481378066,95.51799696271267,0.3540856,"DL Hall",22207,669084
"Joey Wentz","- - -",96.21939346780692,96.21978125091798,0.3537415,"Joey Wentz",19962,666214
"Kris Bubic","KCR",95.12019904003175,107.12417201977645,0.35344828,"Kris Bubic",21455,663460
"Aaron Bummer","ATL",113.66946768329275,95.41297579063291,0.35309973,"Aaron Bummer",16258,607481
"Erasmo Ramírez","TBR",93.91854304635763,101.5274834437086,0.35294118,"Erasmo Ramirez",10314,541640
"Alex Young","- - -",91.12799269609401,100.83447570657351,0.35294118,"Alex Young",18333,622065
"Jackson Kowar","SEA",99.46000000000001,107.16450331125827,0.35294118,"Jackson Kowar",21549,663804
"Rafael Montero","- - -",98.85266470354084,101.38750390426738,0.35272727,"Rafael Montero",12760,606160
"Ryan Borucki","PIT",106.29839899365251,90.30162098602608,0.3525641,"Ryan Borucki",16350,621366
"Yerry Rodríguez","- - -",99.7914756916465,95.05320198764439,0.35238095,"Yerry Rodriguez",21955,666720
"Michael Grove","LAD",94.63710746753043,111.49023231481539,0.35185185,"Michael Grove",23221,675627
"Hunter Harvey","- - -",104.64400948933105,105.69252750281105,0.35169492,"Hunter Harvey",15507,640451
"Kevin Ginkel","ARI",93.774654994671,109.03283696059269,0.35164835,"Kevin Ginkel",19876,656464
"Chase Lee","DET",102.95174515235458,104.00382271468145,0.35164835,"Chase Lee",29574,695445
"José Ruiz","- - -",103.03143885807648,105.3962712273317,0.35135135,"Jose Ruiz",14552,614179
"Patrick Sandoval","LAA",99.68936022253129,103.55033379694027,0.35127479,"Patrick Sandoval",19447,663776
"Tayler Saucedo","SEA",100.7461391721113,87.88592729410168,0.35106383,"Tayler Saucedo",17888,642048
"Matt Svanson","STL",104.86305220883534,92.7912449799197,0.35087719,"Matt Svanson",29629,694335
"Anthony Banda","LAD",103.68678942451822,99.53857366653921,0.35057471,"Anthony Banda",14706,607455
"Shawn Armstrong","- - -",104.70978430111559,99.65801140637912,0.35046729,"Shawn Armstrong",12857,542888
"Chad Kuhl","CHW",97.5997125024767,83.9632577108513,0.35,"Chad Kuhl",14975,641771
"Domingo Germán","PIT",85.53928108888432,89.05993648174882,0.35,"Domingo German",17149,593334
"Josh Walker","- - -",94.10768729641694,90.06677524429968,0.35,"Josh Walker",23617,677020
"Zach Penrod","BOS",104.24682352941176,72.02729411764706,0.35,"Zach Penrod",25368,683068
"Victor Vodnik","COL",98.25471017984883,100.66850033184664,0.34975369,"Victor Vodnik",24614,680767
"Brennan Bernardino","BOS",104.0716026337981,92.69390850651912,0.34929577,"Brennan Bernardino",16835,657514
"Carson Fulmer","LAA",88.9468345184969,95.45222173812313,0.34828496,"Carson Fulmer",18311,608334
"Emmanuel Ramirez","MIA",98.90975741239889,97.12134770889489,0.34782609,"Emmanuel Ramirez",17304,642629
"Grant Taylor","CHW",96.85960406634564,130.33573033707864,0.34782609,"Grant Taylor",33927,691799
"AJ Smith-Shawver","ATL",98.81932674893628,93.66724158774934,0.34761905,"AJ Smith-Shawver",29960,700363
"Jesús Luzardo","- - -",100.36310532608042,104.95323246402035,0.34749621,"Jesus Luzardo",19959,666200
"Ryan Johnson","LAA",102.67711267605637,103.10415492957749,0.34722222,"Ryan Johnson",35325,696270
"Cole Sulser","- - -",95.71100158095699,104.77041934308323,0.34677419,"Cole Sulser",15256,642121
"Jacob Webb","- - -",94.84537482389598,99.88221757641112,0.34656085,"Jacob Webb",19274,657097
"Trent Thornton","SEA",106.26215131675292,102.81492090132126,0.3459596,"Trent Thornton",17948,663423
"Scott McGough","ARI",87.05691534508539,94.12304679766646,0.34594595,"Scott McGough",12056,543518
"River Ryan","LAD",101.30264406779659,87.2737627118644,0.34567901,"River Ryan",29514,689981
"Nick Avila","SFG",95.0734222222222,102.82080000000003,0.34545455,"Nick Avila",25667,687014
"Nick Robertson","- - -",95.84755760368662,100.4977880184332,0.34545455,"Nick Robertson",26226,687798
"Jake Bloss","HOU",91.53165957446808,106.25863829787235,0.34545455,"Jake Bloss",33168,814005
"Walter Pennington","- - -",100.42435699184536,83.38601659116075,0.3452381,"Walter Pennington",27624,679156
"Chase Dollander","COL",103.78343373493978,88.47706827309237,0.3452381,"Chase Dollander",33482,801403
"Casey Legumina","- - -",106.35711853368579,100.49484554804629,0.34502924,"Casey Legumina",25921,668984
"Framber Valdez","HOU",107.27874942670492,101.5348232538414,0.34466912,"Framber Valdez",17295,664285
"Tanner Banks","- - -",105.66689793040638,105.48680377518451,0.34459459,"Tanner Banks",16990,621383
"Adam Oller","MIA",92.4917231638418,94.1425988700565,0.34391534,"Adam Oller",20132,670124
"J.T. Ginn","OAK",96.63194842878384,106.64951331011875,0.34309623,"J.T. Ginn",27889,669372
"Andrew Kittredge","- - -",99.04599315832343,110.38048633037538,0.34302326,"Andrew Kittredge",12828,552640
"Hayden Wesneski","- - -",95.246207977609,106.53869695302974,0.34299517,"Hayden Wesneski",27581,669713
"Yoendrys Gómez","- - -",94.63737373300303,84.9153474032647,0.34285714,"Yoendrys Gomez",22872,672782
"Shane Baz","TBR",104.84210719693291,96.56806054863766,0.34277198,"Shane Baz",22264,669358
"Kutter Crawford","BOS",99.8816258430955,104.33618743343979,0.34255599,"Kutter Crawford",20531,676710
"Aaron Nola","PHI",110.27198872945344,101.81842885469976,0.34230769,"Aaron Nola",16149,605400
"Tanner Bibee","CLE",102.94660426760045,98.57630158939048,0.34198332,"Tanner Bibee",30134,676440
"Connor Gillispie","- - -",90.19330393894677,92.03554556285076,0.34193548,"Connor Gillispie",26171,687362
"Shelby Miller","- - -",93.22127261120389,105.92582614744009,0.34188034,"Shelby Miller",10197,571946
"Kyle Harrison","SFG",90.47223954000357,105.13480630607557,0.34177215,"Kyle Harrison",27758,690986
"Joel Payamps","MIL",102.92532912717606,104.02319769865757,0.34169279,"Joel Payamps",14332,606303
"Collin Snider","SEA",108.59255153571634,106.68941388031466,0.34027778,"Collin Snider",23307,676092
"Jared Koenig","MIL",106.41231020750614,101.259542801277,0.33995037,"Jared Koenig",27517,657649
"Pete Fairbanks","TBR",112.77544116919071,97.21433456379481,0.33980583,"Pete Fairbanks",17998,664126
"Jack Dreyer","LAD",98.09505593437031,97.75425700511401,0.33950617,"Jack Dreyer",30249,676263
"Jacob deGrom","TEX",108.50807179424918,111.17506894109555,0.33942559,"Jacob deGrom",10954,594798
"Eduardo Rodriguez","ARI",91.63570218258938,100.97289096341379,0.33928571,"Eduardo Rodriguez",13164,593958
"Cade Povich","BAL",97.26396497775426,99.22157111326183,0.33908948,"Cade Povich",30055,700249
"Hunter Gaddis","CLE",97.722263087055,106.3811832244858,0.33906634,"Hunter Gaddis",25636,683769
"Bailey Ober","MIN",96.50359597026629,105.5255017447133,0.33869442,"Bailey Ober",21224,641927
"Yunior Marte","PHI",103.96270833333334,98.261875,0.33858268,"Yunior Marte",14416,628708
"Pablo López","MIN",94.00124929215539,112.61602091600139,0.33856722,"Pablo Lopez",17085,641154
"Carlos Hernández","- - -",107.98009578544061,98.1350957854406,0.33840304,"Carlos Hernandez",22713,672578
"Yu Darvish","SDP",99.76557768924303,100.9618804780876,0.33836858,"Yu Darvish",13074,506433
"Dustin May","LAD",98.044025869038,96.47996766370252,0.33823529,"Dustin May",19716,669160
"J.P. Feyereisen","- - -",90.0229084526638,103.14060489308419,0.33802817,"J.P. Feyereisen",16610,656420
"Matthew Boyd","- - -",93.99155824056639,104.47166671241979,0.33789063,"Matthew Boyd",15440,571510
"Forrest Whitley","- - -",109.31722080136402,82.83295538505259,0.33766234,"Forrest Whitley",19586,666215
"Roki Sasaki","LAD",90.4446644295302,91.19275167785237,0.33766234,"Roki Sasaki",35323,808963
"Sean Burke","CHW",93.31516165980563,100.27885253858626,0.33740831,"Sean Burke",29878,680732
"Luis L. Ortiz","- - -",98.65857642654692,98.1200979329886,0.33736264,"Luis L. Ortiz",27646,682847
"Tyler Matzek","- - -",99.61228648013511,91.26283359036499,0.3373494,"Tyler Matzek",10058,554431
"José Castillo","- - -",107.84193107629564,102.2464875484879,0.3372093,"Jose Castillo",17169,620454
"Louis Varland","MIN",102.3427444633715,101.25360358781275,0.33692722,"Louis Varland",27691,686973
"Raisel Iglesias","ATL",103.50180807049004,104.14637371019577,0.33687003,"Raisel Iglesias",17130,628452
"Colten Brewer","CHC",98.48892307692306,96.57420512820514,0.33684211,"Colten Brewer",12997,605155
"Jordan Weems","WSN",99.54205198358412,87.54021887824898,0.33673469,"Jordan Weems",13190,607179
"Joe Musgrove","SDP",108.16029077117572,97.13364096080913,0.33658537,"Joe Musgrove",12970,605397
"Génesis Cabrera","- - -",109.21210957692995,93.05785204072835,0.33625731,"Genesis Cabrera",17490,650893
"Max Meyer","MIA",92.40727140890826,103.33019348494314,0.3358349,"Max Meyer",27474,676974
"JT Chargois","- - -",97.01043478260868,98.97663516068053,0.33561644,"JT Chargois",13767,608638
"Clay Holmes","- - -",112.81593617007545,101.53718483905006,0.33549433,"Clay Holmes",13649,605280
"Anthony Bender","MIA",116.03536209806691,99.08256883215354,0.33519553,"Anthony Bender",19742,669622
"Elvis Peguero","MIL",105.6574796568676,96.75716571352112,0.33460076,"Elvis Peguero",21652,665625
"Kyle Gibson","- - -",87.3467951782806,99.62046083455951,0.33459119,"Kyle Gibson",10123,502043
"Landen Roupp","SFG",98.08435153141681,105.10440494568805,0.33454545,"Landen Roupp",30076,694738
"Justin Lawrence","- - -",104.47416788770894,93.5285206440595,0.33436533,"Justin Lawrence",17639,664875
"Adrian Morejon","SDP",122.29733708591951,103.09542633409953,0.33416459,"Adrian Morejon",20039,670970
"Aaron Hicks","LAA",49.900000000000006,78.86,0.33333333,"Aaron Hicks",5297,543305
"Patrick Wisdom","CHC",46.70923076923077,32.12,0.33333333,"Patrick Wisdom",13602,621550
"Rob Zastryzny","MIL",104.09496350438715,101.62376143610497,0.33333333,"Rob Zastryzny",15094,642239
"Ben Heller","PIT",106.51848605577689,78.9808764940239,0.33333333,"Ben Heller",15100,621294
"Zach Thompson","ATL",84.69033333333333,86.852,0.33333333,"Zach Thompson",16094,605507
"Austin Davis","SDP",103.26283687943264,76.38680851063829,0.33333333,"Austin Davis",17117,656354
"Dinelson Lamet","LAD",85.17753424657533,81.97835616438356,0.33333333,"Dinelson Lamet",17186,659275
"Daniel Duarte","MIN",110.79071428571426,113.49607142857143,0.33333333,"Daniel Duarte",17480,650960
"Cristian Javier","HOU",99.19198594024603,93.60692442882248,0.33333333,"Cristian Javier",17606,664299
"Adbert Alzolay","CHC",101.18012232415902,91.05504587155963,0.33333333,"Adbert Alzolay",17859,640470
"Tyler Jay","- - -",108.33660130718954,79.0718954248366,0.33333333,"Tyler Jay",17952,664079
"Anthony Misiewicz","NYY",109.768,94.352,0.33333333,"Anthony Misiewicz",18152,664948
"Scott Effross","NYY",107.9828727114211,107.22220139494335,0.33333333,"Scott Effross",18384,664123
"Alan Rangel","PHI",97.09066666666666,111.99600000000001,0.33333333,"Alan Rangel",19524,660604
"Cionel Pérez","BAL",103.56195700968321,96.51681420948141,0.33333333,"Cionel Perez",19614,672335
"Matt Foster","CHW",90.72833333333331,91.58462962962962,0.33333333,"Matt Foster",19647,641582
"Jason Alexander","- - -",90.248623853211,94.22954128440365,0.33333333,"Jason Alexander",19666,669920
"Ian Anderson","LAA",92.27920792079208,85.83594059405942,0.33333333,"Ian Anderson",19951,666120
"Brusdar Graterol","LAD",117.76237623762377,107.49168316831683,0.33333333,"Brusdar Graterol",20367,660813
"Jared Young","NYM",53.16909090909091,74.08909090909091,0.33333333,"Jared Young",20404,676724
"Eli Villalobos","MIA",91.24901408450705,86.1487323943662,0.33333333,"Eli Villalobos",20408,681871
"Kyle Nelson","ARI",95.86731034482759,106.48510344827586,0.33333333,"Kyle Nelson",20515,669459
"Kody Clemens","PHI",31.939999999999998,96.88,0.33333333,"Kody Clemens",20572,665019
"Grant Wolfram","BAL",104.98470588235294,68.49470588235295,0.33333333,"Grant Wolfram",21623,664991
"Easton McGee","MIL",102.5277966101695,120.85355932203389,0.33333333,"Easton McGee",22176,668834
"Luis Vázquez","BAL",43.96,34.3,0.33333333,"Luis Vazquez",23442,676679
"Penn Murfee","CHW",104.42749999999998,89.41474137931037,0.33333333,"Penn Murfee",25174,682171
"Matt Brash","SEA",111.68305084745761,91.59830508474575,0.33333333,"Matt Brash",25756,666374
"Blair Henley","HOU",81.8348717948718,86.05435897435898,0.33333333,"Blair Henley",26190,668874
"Eury Pérez","MIA",117.43439999999997,92.14290000000001,0.33333333,"Eury Perez",27768,691587
"Bradgley Rodriguez","SDP",85.028,47.677600000000005,0.33333333,"Bradgley Rodriguez",29107,699134
"Ky Bush","CHW",87.32801223241589,84.35394495412844,0.33333333,"Ky Bush",29823,681066
"Christian Montes De Oca","ARI",93.38695652173914,113.31217391304347,0.33333333,"Christian Montes De Oca",30206,801216
"Jeffrey Springs","- - -",93.46851518027833,97.30591628232355,0.33268102,"Jeffrey Springs",17677,605488
"Lucas Erceg","- - -",109.66540508663384,102.300695902058,0.33241758,"Lucas Erceg",19360,668674
"Justin Steele","CHC",100.97608093991511,101.67921032622743,0.33230294,"Justin Steele",17312,657006
"Luis Castillo","SEA",101.11696099204559,103.30218990739984,0.33209647,"Luis Castillo",15689,622491
"Bowden Francis","TOR",96.42754345671788,100.73770719550015,0.33189655,"Bowden Francis",20548,670102
"Tommy Henry","ARI",83.4324607324375,102.00347219321252,0.33173077,"Tommy Henry",26285,674072
"Jackson Rutledge","WSN",106.1442552262617,85.39649954674758,0.3315508,"Jackson Rutledge",26215,671131
"Kyle Tyler","MIA",73.35365688452707,111.78215124668978,0.33098592,"Kyle Tyler",22092,667725
"Eric Orze","- - -",100.4188146658286,91.95998022208256,0.33098592,"Eric Orze",27626,679358
"Corbin Burnes","- - -",110.43739383132484,103.23048883657884,0.33079123,"Corbin Burnes",19361,669203
"Lance Lynn","STL",97.85240294840291,94.570457002457,0.33072407,"Lance Lynn",2520,458681
"Osvaldo Bido","OAK",100.8133734856985,87.26515531643427,0.33059548,"Osvaldo Bido",23150,674370
"Nathan Eovaldi","TEX",99.35057447226139,104.14283178702054,0.33056133,"Nathan Eovaldi",9132,543135
"Bryce Miller","SEA",104.36950902285515,100.49596185002443,0.33043478,"Bryce Miller",29837,682243
"Alec Marsh","KCR",94.3464122406435,96.96542439558537,0.33029197,"Alec Marsh",27451,679525
"Tyler Gilbert","- - -",97.71856557101697,103.8472560393134,0.33018868,"Tyler Gilbert",17964,656457
"Andrew Abbott","CIN",94.6270552787973,98.46842360044486,0.32993197,"Andrew Abbott",29911,671096
"Brandon Eisert","- - -",80.83040068434562,107.62820153977758,0.32941176,"Brandon Eisert",27668,685126
"Anthony Veneziano","- - -",101.37791589870595,105.53833795897124,0.32911392,"Anthony Veneziano",27453,685107
"Drew Pomeranz","CHC",104.30112010796222,108.5231109311741,0.32894737,"Drew Pomeranz",11426,519141
"Guillo Zuñiga","LAA",101.8509225092251,91.67040590405907,0.32894737,"Guillo Zuniga",19588,670871
"Merrill Kelly","ARI",91.01433489390517,103.08422364214607,0.32886905,"Merrill Kelly",11156,518876
"Roansy Contreras","- - -",94.24006646598207,94.10170821681932,0.32885906,"Roansy Contreras",22810,672710
"Mike Vasil","CHW",99.98717000835423,92.23399318609023,0.3286385,"Mike Vasil",30105,678024
"Chris Martin","- - -",104.66262171589437,109.9166287539541,0.32846715,"Chris Martin",11847,455119
"Brayan Bello","BOS",96.34903930001438,105.99375148849263,0.32758621,"Brayan Bello",23920,678394
"Jaden Hill","COL",94.94591133004927,89.27615763546801,0.32758621,"Jaden Hill",30250,677955
"Chris Bassitt","TOR",97.93029270407467,99.78265855701925,0.32754127,"Chris Bassitt",12304,605135
"Nestor Cortes","- - -",107.88059177834592,97.26084126489691,0.32754011,"Nestor Cortes",17874,641482
"Alek Jacob","SDP",109.02564179104475,92.20943283582089,0.32748538,"Alek Jacob",29628,689690
"Lucas Giolito","BOS",90.22268617021277,101.6420478723404,0.32718894,"Lucas Giolito",15474,608337
"Aaron Civale","- - -",104.19157266239522,98.93186280726488,0.32696897,"Aaron Civale",19479,650644
"Chris Stratton","- - -",89.68986405179017,94.40613497101002,0.32686981,"Chris Stratton",13761,608717
"Nick Anderson","KCR",89.71578778135049,102.69852090032158,0.32679739,"Nick Anderson",18337,623433
"John Schreiber","KCR",101.37093628636158,105.96209720806769,0.32664756,"John Schreiber",20020,670167
"Braxton Ashcraft","PIT",107.4358510638298,96.4513829787234,0.32653061,"Braxton Ashcraft",23793,677952
"Carson Palmquist","COL",96.84742372881358,91.3744406779661,0.32653061,"Carson Palmquist",31612,687223
"Chad Patrick","MIL",104.59050840188429,98.21523991656709,0.3264095,"Chad Patrick",30113,694477
"Robert Suarez","SDP",115.47745844289943,98.28758820998144,0.32637076,"Robert Suarez",30115,663158
"Austin Warren","- - -",106.94729166666667,99.53666666666665,0.32608696,"Austin Warren",24937,681810
"Jack Leiter","TEX",107.78532123322937,91.36036475646824,0.32594235,"Jack Leiter",30146,683004
"Jordan Wicks","CHC",102.29357907487321,100.3734415423827,0.32589286,"Jordan Wicks",30094,696136
"Diego Castillo","MIN",109.10350282485878,85.84779661016948,0.3255814,"Diego Castillo",17496,650895
"Kyle Finnegan","WSN",103.4104496130849,104.15370046157985,0.32552083,"Kyle Finnegan",15009,640448
"Nick Lodolo","CIN",103.35023189326927,98.22802302797916,0.32544379,"Nick Lodolo",26378,666157
"Jesse Chavez","ATL",95.00105926323987,100.82227125930713,0.325,"Jesse Chavez",5448,445926
"Blade Tidwell","NYM",109.40948717948719,86.17858974358974,0.325,"Blade Tidwell",31701,694918
"Jackson Jobe","DET",108.48734670558275,95.73551167724132,0.32478632,"Jackson Jobe",30203,695549
"Sam Aldegheri","LAA",87.17217712177121,81.72479704797047,0.32467532,"Sam Aldegheri",26443,691951
"Chad Green","TOR",102.09306492369727,103.06319525279605,0.32463768,"Chad Green",15552,643338
"Shota Imanaga","CHC",97.84016224996331,109.75384003366878,0.32457143,"Shota Imanaga",33829,684007
"Javier Assad","CHC",90.99074367088606,97.56737341772153,0.32445141,"Javier Assad",21741,665871
"Justin Bruihl","- - -",105.9288837353123,102.23978818800248,0.32432432,"Justin Bruihl",23779,677865
"Kevin Gausman","TOR",97.53198092275277,105.08294512381724,0.32427536,"Kevin Gausman",14107,592332
"Chris Roycroft","STL",107.9830656569056,101.15460502488098,0.32407407,"Chris Roycroft",31261,688297
"Keaton Winn","SFG",102.18531914893619,95.86912529550827,0.32352941,"Keaton Winn",23499,676775
"Max Fried","- - -",106.35313684665208,100.6269296317836,0.32315978,"Max Fried",13743,608331
"Greg Weissert","BOS",105.06497412112874,105.02681570760981,0.3226601,"Greg Weissert",20375,669711
"Tommy Nance","TOR",100.48282131661442,96.34470219435738,0.32258065,"Tommy Nance",19178,667297
"Cody Bolton","- - -",107.12327327771378,99.00298119727297,0.32258065,"Cody Bolton",23265,675989
"Connor Thomas","MIL",88.75779661016948,94.05050847457626,0.32258065,"Connor Thomas",25873,671162
"Bailey Horn","- - -",106.34965397350997,96.74007905629138,0.32258065,"Bailey Horn",27753,690544
"Ryan Bergert","SDP",88.30862879885112,101.70391286873456,0.32258065,"Ryan Bergert",29863,686701
"Dylan Dodd","ATL",99.37496106785318,100.49029477196885,0.32258065,"Dylan Dodd",29928,689266
"Shane Smith","CHW",95.66072103004291,99.44041201716738,0.32258065,"Shane Smith",31687,681343
"Cole Sands","MIN",97.4331685267345,107.5357790566684,0.3225058,"Cole Sands",21461,663485
"J.P. France","HOU",90.36613733905578,87.77347639484978,0.32231405,"J.P. France",21212,641585
"Daniel Lynch IV","KCR",93.67813220925258,88.44358141905464,0.321875,"Daniel Lynch IV",21537,663738
"Brady Singer","- - -",92.19895805608552,99.6927122271162,0.3218495,"Brady Singer",25377,663903
"Gus Varland","- - -",99.33025769093815,108.00085301542374,0.32173913,"Gus Varland",24737,681402
"Justin Wrobleski","LAD",102.29091292078365,98.96949912619654,0.32156863,"Justin Wrobleski",31204,680736
"Brad Lord","WSN",86.21548972114947,97.84376141243798,0.32142857,"Brad Lord",31972,695418
"Spencer Schwellenbach","ATL",108.41751828043644,107.36175082902822,0.32126697,"Spencer Schwellenbach",31846,680885
"Steven Cruz","KCR",117.12555328867622,89.2290292185008,0.32061069,"Steven Cruz",23165,674444
"Ethan Roberts","CHC",105.64046589018302,97.63826955074875,0.32026144,"Ethan Roberts",24930,681799
"Declan Cronin","MIA",92.68567246111614,99.96305580969812,0.32026144,"Declan Cronin",25645,686539
"Matt Festa","- - -",103.89599729007881,92.60323979762448,0.32022472,"Matt Festa",19330,670036
"Walker Buehler","- - -",99.0106053030413,97.85543428362364,0.32019704,"Walker Buehler",19374,621111
"Dean Kremer","BAL",96.60743709541883,99.94678650036053,0.32017076,"Dean Kremer",19350,665152
"Ben Casparius","LAD",116.60871982951757,105.61434533532578,0.32,"Ben Casparius",30085,676508
"Garrett McDaniels","LAA",97.04020942408377,79.25277486910994,0.32,"Garrett McDaniels",31751,680729
"Ryan Weathers","MIA",101.86908256157537,99.92024741068076,0.31982942,"Ryan Weathers",23796,677960
"Reese Olson","DET",93.4780134347047,99.26891596613727,0.31981982,"Reese Olson",24968,681857
"José Soriano","LAA",100.14920173849335,106.46510840278384,0.3198146,"Jose Soriano",22100,667755
"Spencer Howard","- - -",91.59536651430507,99.7730384854128,0.31944444,"Spencer Howard",23252,675921
"Max Scherzer","- - -",99.45165313846577,105.35122940627589,0.31914894,"Max Scherzer",3137,453286
"Michael Lorenzen","- - -",91.76491740661217,98.40494953313156,0.31914894,"Michael Lorenzen",14843,547179
"Adam Mazur","- - -",92.10149560117301,94.2968035190616,0.31891892,"Adam Mazur",31900,800049
"Josh Sborz","TEX",102.0849295774648,102.44971830985916,0.31884058,"Josh Sborz",18323,622250
"Sean Newcomb","- - -",97.69259698691371,92.75136231944686,0.31879195,"Sean Newcomb",16943,656794
"Griffin Canning","- - -",87.74290475754704,100.61713453140291,0.31852552,"Griffin Canning",19867,656288
"Simeon Woods Richardson","MIN",89.39810471657924,103.8786609708279,0.31840796,"Simeon Woods Richardson",24494,680573
"Angel Chivilli","COL",89.16035035389697,99.27596263550946,0.31835206,"Angel Chivilli",26790,683409
"Drew Rasmussen","TBR",116.40982840338155,99.45426620311723,0.31828979,"Drew Rasmussen",25385,656876
"Anthony Gose","CLE",98.90784810126581,100.86607594936709,0.31818182,"Anthony Gose",5097,543238
"Jonathan Loáisiga","NYY",115.8692139276521,96.51379813033462,0.31818182,"Jonathan Loaisiga",19753,642528
"Nic Enright","CLE",95.13548717948721,93.45620512820513,0.31818182,"Nic Enright",25553,663671
"Adam Cimber","LAA",112.31777777777779,87.85400966183576,0.31775701,"Adam Cimber",15288,643256
"Logan Allen","CLE",92.60514188232816,93.26026777933711,0.31767956,"Logan Allen",27589,671106
"Yohan Ramírez","- - -",108.51664921827113,92.6225348390656,0.31730769,"Yohan Ramirez",19444,670990
"Bryan Sammons","DET",99.3146524064171,87.8558823529412,0.31730769,"Bryan Sammons",20462,676614
"Jordan Hicks","SFG",106.12210930561587,95.00903700375895,0.31661891,"Jordan Hicks",19618,663855
"Gunnar Hoglund","ATH",93.19032846715328,106.08715328467153,0.31654676,"Gunnar Hoglund",31318,680684
"Carlos Estévez","- - -",99.52726771615025,99.73775001485342,0.31623932,"Carlos Estevez",14542,608032
"Kumar Rocker","TEX",96.01143783319779,101.37555389897891,0.31603774,"Kumar Rocker",31843,677958
"Brandon Pfaadt","ARI",101.05907925910253,104.79059339541087,0.31569507,"Brandon Pfaadt",27782,694297
"Scott Blewett","- - -",84.99941691735368,107.07142363721515,0.31512605,"Scott Blewett",16427,656240
"Carson Spiers","CIN",96.04611288726015,98.87323829310856,0.31489362,"Carson Spiers",27685,686730
"Julian Merryweather","CHC",104.57894510348396,96.33227606452357,0.31481481,"Julian Merryweather",16703,657240
"Ben Joyce","LAA",125.96651731092436,86.82896442577028,0.31481481,"Ben Joyce",31461,690829
"Ranger Suárez","PHI",96.87016815483167,111.6527848386693,0.31461988,"Ranger Suarez",17277,624133
"Lou Trivino","- - -",100.75081756565777,94.59219257376654,0.31451613,"Lou Trivino",15043,642152
"Taijuan Walker","PHI",88.04662742761614,98.24019372803093,0.31447587,"Taijuan Walker",11836,592836
"Will Vest","DET",100.73588736778835,108.64605082925894,0.31408776,"Will Vest",19769,676684
"Jesus Tinoco","- - -",106.3758330019771,106.2045778063615,0.31404959,"Jesus Tinoco",16300,622786
"Josh Staumont","MIN",94.47350588235295,88.77825882352941,0.31372549,"Josh Staumont",18335,622251
"Mason Black","SFG",98.20632287416858,98.56961748633881,0.31360947,"Mason Black",30171,696131
"Brandon Walter","HOU",100.30454794520548,102.654301369863,0.31313131,"Brandon Walter",26056,687888
"Tobias Myers","MIL",90.90253762166823,101.29331720780216,0.31278195,"Tobias Myers",22191,668964
"Brandon Leibrandt","CIN",94.55873015873017,98.96095238095236,0.3125,"Brandon Leibrandt",16135,605335
"Yonny Chirinos","MIA",99.64563106796118,95.45502912621359,0.3125,"Yonny Chirinos",16401,630023
"Angel Perdomo","ATH",98.70685714285713,70.13428571428572,0.3125,"Angel Perdomo",17759,622780
"José Marte","LAA",103.7084516129032,88.28077419354837,0.3125,"Jose Marte",21761,665896
"Caleb Kilian","CHC",84.77360279441118,97.26297832905615,0.3125,"Caleb Kilian",26213,668873
"Caleb Freeman","CHW",109.00666666666666,107.291884057971,0.3125,"Caleb Freeman",26255,673965
"Grant Holman","OAK",90.86275346889455,92.18277864416508,0.3125,"Grant Holman",30002,680880
"Naoyuki Uwasawa","BOS",87.12290322580645,86.80774193548388,0.3125,"Naoyuki Uwasawa",33828,683822
"Sandy Alcantara","MIA",108.07502074688793,96.17921991701242,0.31212121,"Sandy Alcantara",18684,645261
"Tyler Anderson","LAA",97.59395021024874,96.75210901582932,0.31194296,"Tyler Anderson",12880,542881
"Alex Wood","OAK",92.92486702127657,99.35499999999999,0.31182796,"Alex Wood",13781,622072
"José Berríos","TOR",92.67718882840747,102.18043984125637,0.31180969,"Jose Berrios",14168,621244
"Andrew Heaney","- - -",97.38426821937043,102.27240304112878,0.31111111,"Andrew Heaney",15423,571760
"Luis Medina","OAK",100.64400556328235,88.75023643949932,0.31111111,"Luis Medina",21649,665622
"JoJo Romero","STL",107.50600890629367,95.24815154552752,0.31085044,"JoJo Romero",19574,668941
"Luis García","- - -",106.28567650672072,105.91943512500634,0.31081081,"Luis Garcia",6984,472610
"Carlos Carrasco","- - -",84.11716331783751,98.09719600795701,0.3106961,"Carlos Carrasco",6632,471911
"Kenta Maeda","DET",92.22237891770358,101.80055396690328,0.31060606,"Kenta Maeda",18498,628317
"Matt Waldron","SDP",90.48758160456013,104.60193834939953,0.3104,"Matt Waldron",25550,663362
"Jonathan Heasley","BAL",86.97607476635513,91.73700934579438,0.31034483,"Jonathan Heasley",22224,669169
"Bryce Jarvis","ARI",93.56601426227863,92.67412206635639,0.31023102,"Bryce Jarvis",27477,686826
"Bryce Elder","ATL",89.44915500910837,103.57601402443521,0.30966469,"Bryce Elder",27779,693821
"Jorge López","- - -",102.27627941719327,97.95589030030617,0.30959752,"Jorge Lopez",14527,605347
"Eduardo Salazar","- - -",96.48632113373148,96.61217411179699,0.30916031,"Eduardo Salazar",23135,674285
"Kai-Wei Teng","SFG",95.12549019607843,90.28372549019609,0.30909091,"Kai-Wei Teng",24282,678906
"Martín Pérez","- - -",82.8728984221716,105.43824611765633,0.30906389,"Martin Perez",6902,527048
"Matt Manning","DET",99.75432494279177,97.53794050343248,0.30894309,"Matt Manning",20369,666159
"James Paxton","- - -",88.16468402335528,97.47952990399497,0.30892449,"James Paxton",11828,572020
"Gerson Garabito","TEX",90.75853493555131,98.2950394044528,0.30769231,"Gerson Garabito",19835,642520
"Peter Lambert","COL",91.88161162833146,90.1120351174143,0.30714286,"Peter Lambert",17969,663567
"Joe Ross","- - -",92.82681977721616,103.77069765048508,0.30658436,"Joe Ross",12972,605452
"Dennis Santana","- - -",102.5077585700073,96.3926402155939,0.30656934,"Dennis Santana",17878,642701
"Slade Cecconi","- - -",94.7409007413145,109.15256913088014,0.30645161,"Slade Cecconi",27500,677944
"Tyson Miller","- - -",104.09277569246879,105.6395836738312,0.30638298,"Tyson Miller",19976,668338
"Brant Hurter","DET",108.35464991806498,96.47242006732888,0.30612245,"Brant Hurter",30133,676428
"Kody Funderburk","MIN",107.30053185042684,89.42112099703628,0.30593607,"Kody Funderburk",24993,681892
"Hoby Milner","- - -",105.4438700040008,106.6495301040879,0.30528846,"Hoby Milner",13346,571948
"Colton Gordon","HOU",98.41171717171719,110.69818181818184,0.30519481,"Colton Gordon",31312,676467
"Brad Keller","- - -",98.20490871262017,101.3121423113012,0.30447761,"Brad Keller",15734,641745
"Carlos Vargas","SEA",114.93027522935782,103.91071559633025,0.30434783,"Carlos Vargas",22915,672841
"Tom Cosgrove","- - -",107.22633943122241,100.24561408169602,0.30434783,"Tom Cosgrove",23443,676680
"David Peterson","NYM",91.66077780426686,99.03387677341082,0.30405405,"David Peterson",20302,656849
"Ryan Pressly","- - -",99.37946826949346,97.72116862855404,0.304,"Ryan Pressly",7005,519151
"Orlando Ribalta","WSN",103.58323943661973,99.1374248826291,0.30357143,"Orlando Ribalta",26247,687377
"Ryan Feltner","COL",92.19626185895102,98.94522550024291,0.30350665,"Ryan Feltner",21446,663372
"Hunter Strickland","LAA",103.65773541458728,102.16430673487001,0.30277778,"Hunter Strickland",7836,519326
"Sean Hjelle","SFG",105.48653134345099,102.62806598454436,0.30263158,"Sean Hjelle",21481,663546
"Justin Slaten","BOS",107.16762406338931,100.36912536304037,0.30254777,"Justin Slaten",25648,686580
"Chase Shugart","- - -",104.69990491283674,94.59889064976228,0.30246914,"Chase Shugart",21544,663767
"Jose Quintana","- - -",87.2597797453778,101.91454011802418,0.3024236,"Jose Quintana",11423,500779
"Joe La Sorsa","- - -",97.07072545944422,97.65629790485382,0.30232558,"Joe La Sorsa",25481,686747
"Keider Montero","DET",94.95812107943375,98.6446103322167,0.30214724,"Keider Montero",22630,672456
"Mick Abel","PHI",108.7973469387755,100.82275510204083,0.30208333,"Mick Abel",27756,690953
"Cody Bradford","TEX",88.74105884323559,111.71492261678404,0.30194805,"Cody Bradford",27597,674003
"Justin Verlander","- - -",106.01742689458351,89.38927137287969,0.30171073,"Justin Verlander",8700,434378
"Ryder Ryan","PIT",97.7759292035398,88.08017699115047,0.30107527,"Ryder Ryan",19891,656924
"Angel Zerpa","KCR",112.37077723251801,97.89038727031503,0.30104712,"Angel Zerpa",22717,672582
"Jacob Barnes","- - -",99.71359453317476,98.91908535808342,0.30031949,"Jacob Barnes",12323,606930
"Amed Rosario","WSN",46.88999999999999,83.50857142857141,0.3,"Amed Rosario",15518,642708
"Luarbert Arias","MIA",103.87783018867925,85.41037735849056,0.3,"Luarbert Arias",23811,678215
"Cristopher Sánchez","PHI",108.83208421939344,100.63331695019292,0.29991047,"Cristopher Sanchez",20778,650911
"Cal Quantrill","- - -",86.17251019412282,98.09747572898476,0.29956897,"Cal Quantrill",19312,615698
"Christian Scott","NYM",100.28157961783437,101.3523566878981,0.29949239,"Christian Scott",30107,681035
"Seth Lugo","KCR",96.56676931958519,98.73441817071311,0.29948365,"Seth Lugo",12447,607625
"Erick Fedde","- - -",90.70159442952422,107.93949025472354,0.29935125,"Erick Fedde",17425,607200
"Ryan Brasier","- - -",97.97195578846868,105.72971436664936,0.29931973,"Ryan Brasier",5615,518489
"Tristan Beck","SFG",90.70313817330211,89.66042154566745,0.2991453,"Tristan Beck",21584,663941
"George Kirby","SEA",103.17078436193994,110.09799813955368,0.2989011,"George Kirby",25436,669923
"Enoli Paredes","- - -",93.06470219435734,86.09172413793104,0.29885057,"Enoli Paredes",20447,660600
"Trevor Rogers","- - -",88.96843991557189,103.79409737468147,0.29883139,"Trevor Rogers",22286,669432
"Logan Webb","SFG",107.54641926108735,106.45671661618793,0.29863891,"Logan Webb",17995,657277
"Joey Lucchesi","- - -",97.34511393468445,89.94539850887327,0.29824561,"Joey Lucchesi",19320,664192
"Graham Ashcraft","CIN",107.64241224024873,97.58738684075429,0.29740519,"Graham Ashcraft",27552,668933
"Isaiah Campbell","BOS",100.78206896551727,96.21913793103448,0.2972973,"Isaiah Campbell",25551,663462
"Lyon Richardson","CIN",96.2674124746398,98.7240044477969,0.2970297,"Lyon Richardson",24581,680689
"Carmen Mlodzinski","PIT",102.57461956759956,101.4418617160334,0.29665072,"Carmen Mlodzinski",27572,669387
"Ben Lively","CLE",82.0636911434137,103.09608281108943,0.2962963,"Ben Lively",14932,594902
"Jimmy Herget","- - -",95.7077662275657,97.33103912845336,0.2962963,"Jimmy Herget",17556,623474
"Zach Plesac","LAA",81.4861835748792,81.97478260869566,0.2962963,"Zach Plesac",19979,668676
"Anthony Maldonado","- - -",92.3643354785741,87.80250235972514,0.29565217,"Anthony Maldonado",26034,687424
"Jake Irvin","WSN",97.19480911353865,103.62369476855264,0.29562982,"Jake Irvin",21504,663623
"Albert Suárez","BAL",89.33777231297773,102.57503838124232,0.29513889,"Albert Suarez",6175,544150
"Mitchell Parker","WSN",89.73255176549438,102.49622788842753,0.29494949,"Mitchell Parker",27636,680730
"Ryan Yarbrough","- - -",105.54223987064607,98.1959872384307,0.29487179,"Ryan Yarbrough",16502,642232
"Gavin Stone","LAD",99.1522854477612,102.69750000000002,0.29482759,"Gavin Stone",27792,694813
"Luis Severino","- - -",108.09548219390128,96.36195658039381,0.29481733,"Luis Severino",15890,622663
"Jalen Beeks","- - -",96.08075393436796,94.48302649957418,0.29475983,"Jalen Beeks",17192,656222
"Chase Anderson","- - -",92.57081736015174,103.1191521432487,0.29411765,"Chase Anderson",6895,502624
"Michael Petersen","- - -",110.37301204819278,101.46703614457833,0.29411765,"Michael Petersen",20827,656848
"Emmanuel Clase","CLE",126.34334727619523,101.33748283341941,0.29383886,"Emmanuel Clase",21032,661403
"Luis Guerrero","BOS",107.54195707070707,95.58604797979797,0.29347826,"Luis Guerrero",31184,692285
"Tyler Holton","DET",100.89042218283701,101.2441318080789,0.29341317,"Tyler Holton",26231,663947
"Logan Evans","SEA",96.33750410509032,101.80564860426927,0.29341317,"Logan Evans",33699,688138
"Derek Law","WSN",95.19153338224514,106.74871606749825,0.29315068,"Derek Law",13133,571882
"Mitch Keller","PIT",98.7992855144032,98.46893946103152,0.29280822,"Mitch Keller",17594,656605
"Luis F. Castillo","SEA",94.94071856287427,88.17664670658681,0.29268293,"Luis F. Castillo",20638,622379
"Joe Mantiply","ARI",105.39620388864843,96.99039034481066,0.2923588,"Joe Mantiply",14857,573009
"Eli Morgan","- - -",95.1970367328714,106.44770286001321,0.29207921,"Eli Morgan",20203,669212
"Chris Flexen","- - -",81.51706522048504,100.06535601225266,0.29166667,"Chris Flexen",13896,623167
"Austin Pruitt","TEX",87.80759493670887,107.59215189873416,0.29166667,"Austin Pruitt",15290,643493
"Kirby Snead","SEA",99.38851282051284,86.40215384615388,0.29166667,"Kirby Snead",19179,669912
"Mitch Spence","OAK",103.17983859093435,101.74965041376069,0.29157428,"Mitch Spence",27707,687765
"Michael Wacha","KCR",99.69722208258058,103.75785252370872,0.29146692,"Michael Wacha",14078,608379
"Matt Bowman","- - -",108.00312146671217,97.20102247579284,0.2907489,"Matt Bowman",13528,621199
"Bryan Hoeing","- - -",98.41153691708297,103.44224083944833,0.29047619,"Bryan Hoeing",26304,663773
"Manuel Rodríguez","TBR",106.28839896022654,99.63991977641743,0.29032258,"Manuel Rodriguez",20794,655889
"Brady Basso","OAK",89.9613142857143,104.61925714285714,0.29032258,"Brady Basso",25582,669620
"Grant Hartwig","NYM",94.82661016949154,86.97084745762712,0.29032258,"Grant Hartwig",29946,701643
"Davis Daniel","- - -",92.13707194217523,107.46255776832439,0.28985507,"Davis Daniel",27582,669721
"Matthew Liberatore","STL",100.80661940117884,100.50259573884311,0.28966521,"Matthew Liberatore",22294,669461
"Wes Parsons","- - -",99.24337719367527,92.34593330911271,0.28947368,"Wes Parsons",14764,641149
"Josh Winder","MIN",95.66425531914895,103.83446808510638,0.28947368,"Josh Winder",24606,680739
"Michael Darrell-Hicks","LAA",107.90761194029851,86.88626865671644,0.28947368,"Michael Darrell-Hicks",31501,690382
"Tyler Alexander","- - -",99.80541566671263,104.77089655161615,0.28935532,"Tyler Alexander",17735,641302
"Jonathan Cannon","CHW",96.3753916475117,103.13557166831082,0.28891656,"Jonathan Cannon",31730,686563
"Kenny Rosenberg","LAA",90.61236910117736,95.12018967535765,0.28846154,"Kenny Rosenberg",20009,670046
"Marcus Stroman","NYY",85.71194918625339,100.98751786723457,0.28808864,"Marcus Stroman",13431,573186
"Patrick Corbin","- - -",93.9987455324332,102.18724915001877,0.28800755,"Patrick Corbin",9323,571578
"Bryse Wilson","- - -",100.14718452398613,96.8330546864229,0.28787879,"Bryse Wilson",19990,669060
"Emerson Hancock","SEA",89.18284988152733,98.49772099992404,0.28779599,"Emerson Hancock",27470,676106
"Tanner Houck","BOS",102.46346658644573,104.4099644245257,0.28752643,"Tanner Houck",19879,656557
"James McArthur","KCR",102.29949058693246,104.16688815060908,0.28744939,"James McArthur",21527,663704
"Davis Martin","CHW",95.61019965908912,98.48843762997384,0.28700361,"Davis Martin",21448,663436
"Noah Cameron","KCR",94.33446064139943,101.93991253644313,0.28648649,"Noah Cameron",30184,702070
"Zach Pop","- - -",110.58704582296448,101.1784876776504,0.28636364,"Zach Pop",20185,647315
"Ryne Nelson","ARI",103.47970165662848,101.63235220887539,0.28588098,"Ryne Nelson",26253,669194
"Casey Kelly","CIN",82.65820512820513,101.02974358974359,0.28571429,"Casey Kelly",9174,543391
"Gary Sánchez","BAL",56.45894736842106,86.52105263157895,0.28571429,"Gary Sanchez",11442,596142
"Anthony DeSclafani","ARI",100.56025316455697,100.81873417721519,0.28571429,"Anthony DeSclafani",13050,543101
"Trey Wingenter","- - -",105.92370311252994,99.85029435237783,0.28571429,"Trey Wingenter",17793,622259
"Jhonny Pereda","- - -",64.9124358974359,86.46615384615384,0.28571429,"Jhonny Pereda",19802,640902
"Ryan Rolison","COL",90.81455639097744,96.14260451127818,0.28571429,"Ryan Rolison",22200,669020
"Raymond Burgos","SFG",83.98400000000001,106.96,0.28571429,"Raymond Burgos",22370,670103
"Andre Pallante","STL",95.33161303195051,101.78590456582458,0.28571429,"Andre Pallante",26108,669467
"Sam Bachman","LAA",98.61041666666667,102.72999999999998,0.28571429,"Sam Bachman",29754,696147
"Colin Rea","- - -",96.00527847360547,99.93428232760223,0.28557505,"Colin Rea",12317,607067
"Jared Shuster","CHW",85.77131482795265,104.04740351693836,0.2853598,"Jared Shuster",27472,694363
"Kevin Kelly","TBR",120.39430614889089,105.98859607454482,0.28528529,"Kevin Kelly",25679,687330
"Jon Gray","TEX",88.92489521485435,104.14020509682551,0.28473804,"Jon Gray",14916,592351
"Scott Alexander","- - -",99.73077597425993,101.1983107457916,0.28448276,"Scott Alexander",10591,518397
"Bradley Blalock","- - -",90.03719145371501,94.92154592819291,0.28444444,"Bradley Blalock",26419,687134
"Matt Sauer","- - -",103.18066535898872,89.6927398966312,0.28431373,"Matt Sauer",22284,669422
"Drew Thorpe","CHW",82.57680111265644,98.09490959666205,0.28421053,"Drew Thorpe",31967,689672
"Jason Foley","DET",105.48167585446521,102.58235942668146,0.284,"Jason Foley",19531,671345
"Tyler Wells","BAL",93.00894941634242,100.01035019455254,0.28358209,"Tyler Wells",20000,669330
"Yilber Díaz","ARI",88.21832735806011,92.11828208425432,0.28358209,"Yilber Diaz",29271,700270
"Dillon Tate","- - -",104.76051129690508,91.28177023280261,0.28350515,"Dillon Tate",17796,622253
"Josh Winckowski","BOS",104.33337698093887,100.89802596663806,0.28350515,"Josh Winckowski",22387,670174
"Chris Paddack","MIN",93.2301735933661,112.73569280927147,0.28333333,"Chris Paddack",20099,663978
"JP Sears","OAK",95.58923514046788,104.50790327892261,0.28313796,"JP Sears",23429,676664
"Richard Lovelady","- - -",104.10992435680808,91.19593189531695,0.28301887,"Richard Lovelady",19337,663992
"Noah Davis","- - -",90.34219585724011,99.06313843236408,0.28205128,"Noah Davis",25862,663562
"Kyle Hart","SDP",95.65703517587939,100.9726130653266,0.28181818,"Kyle Hart",19646,606996
"Max Lazar","PHI",83.8083498295392,108.82214340701641,0.28181818,"Max Lazar",23426,676661
"Elieser Hernández","- - -",95.84178527821386,98.10806820163964,0.28125,"Elieser Hernandez",16933,622694
"Gavin Hollowell","CHC",113.42476344958098,92.92833198161667,0.28125,"Gavin Hollowell",25427,668970
"Rhett Lowder","CIN",89.51440643863178,102.73460764587524,0.28125,"Rhett Lowder",33876,695076
"Bryan Woo","SEA",105.41533731591774,110.10613084641402,0.2810219,"Bryan Woo",30279,693433
"Kent Emanuel","MIA",94.65521594684387,84.33003322259135,0.2804878,"Kent Emanuel",15849,592288
"Steven Matz","STL",99.12444155058523,110.85965221426397,0.28021978,"Steven Matz",13361,571927
"Tyler Mahle","TEX",90.31546179939441,111.21318264078322,0.28021978,"Tyler Mahle",16358,641816
"Carlos Rodriguez","MIL",97.03699113047647,101.59232257427695,0.28,"Carlos Rodriguez",30161,692230
"Zack Littell","TBR",87.79015259281576,107.5990196229325,0.27984718,"Zack Littell",15823,641793
"Paul Blackburn","- - -",89.556750698166,109.76059227535012,0.27925532,"Paul Blackburn",14739,621112
"Matt Carasiti","COL",89.10331360946746,103.1349112426036,0.27906977,"Matt Carasiti",13276,571539
"Mason Englert","- - -",95.92003183184548,108.16781153531073,0.27894737,"Mason Englert",22288,669438
"Ryan Thompson","ARI",117.20582284446701,101.10453438495001,0.27889447,"Ryan Thompson",16647,657044
"Casey Mize","DET",97.90842354593042,104.87396292504344,0.27888446,"Casey Mize",20492,663554
"Clayton Kershaw","LAD",97.75819833937553,95.96070132148287,0.27881041,"Clayton Kershaw",2036,477132
"Valente Bellozo","MIA",89.24287789904064,97.28219161234871,0.27861771,"Valente Bellozo",23899,678368
"Julian Aguiar","CIN",89.24680529300568,103.1218147448015,0.27857143,"Julian Aguiar",30031,687924
"Dallas Keuchel","MIL",86.50577922077923,99.69902597402597,0.27848101,"Dallas Keuchel",9434,572971
"Victor González","NYY",95.59272727272729,81.65522077922077,0.27835052,"Victor Gonzalez",16408,624647
"Trevor Williams","WSN",92.38855645372993,104.59269016999514,0.2779661,"Trevor Williams",16977,592866
"Gerardo Reyes","OAK",108.61176470588235,83.60729411764707,0.27777778,"Gerardo Reyes",16306,622103
"Jeff Brigham","ARI",100.09714285714286,87.3,0.27777778,"Jeff Brigham",16631,656257
"Sammy Peralta","CHW",100.99226950354613,93.19106382978723,0.27777778,"Sammy Peralta",25589,671111
"Zach Agnos","COL",91.20235294117647,94.86729411764706,0.27777778,"Zach Agnos",31552,688642
"Michael Kelly","OAK",108.93928469241773,93.36195699305344,0.27741935,"Michael Kelly",12791,547184
"Caleb Boushley","- - -",89.9755882129117,111.4020689130343,0.27702703,"Caleb Boushley",19736,676961
"Adrian Houser","- - -",90.91247470389943,99.51177558953356,0.27692308,"Adrian Houser",12718,605288
"Peter Strzelecki","CLE",98.97644444444443,95.09831111111112,0.27659574,"Peter Strzelecki",21367,657265
"Wandy Peralta","SDP",97.2281051602019,101.3370826917368,0.27652733,"Wandy Peralta",14295,593974
"Connor Seabold","TBR",93.50038461538462,87.015,0.27586207,"Connor Seabold",19695,657756
"Jameson Taillon","CHC",93.85891368781938,108.46100600321483,0.2754902,"Jameson Taillon",11674,592791
"Spencer Bivens","SFG",101.55945214234016,102.72724386532035,0.275,"Spencer Bivens",30226,702352
"Seth Martinez","HOU",100.7625598086124,98.89581339712922,0.27477477,"Seth Martinez",21045,661527
"Will Smith","KCR",97.22239162929746,100.66257100149474,0.27419355,"Will Smith",8048,519293
"Daulton Jefferies","- - -",93.96106761565838,107.10448398576514,0.2739726,"Daulton Jefferies",19345,641726
"Kyle Leahy","STL",96.28235055116161,110.06894299370212,0.27322404,"Kyle Leahy",24763,681517
"Jorge Mateo","BAL",39.51714285714286,71.76057142857142,0.27272727,"Jorge Mateo",17273,622761
"Mitch White","- - -",95.37424133461417,115.85660592562375,0.27272727,"Mitch White",19225,669952
"Geoff Hartlieb","COL",98.2611678832117,104.70394160583942,0.27272727,"Geoff Hartlieb",19558,664129
"Dakota Hudson","COL",87.09409574468081,89.1173404255319,0.27227723,"Dakota Hudson",19206,641712
"Cole Winn","TEX",103.1717758941916,91.28223614438099,0.27131783,"Cole Winn",22113,668390
"Darren McCaughan","- - -",88.39919441176471,99.63737264705883,0.2706422,"Darren McCaughan",20038,670766
"Wade Miley","- - -",95.6038296977616,87.81643422894197,0.27058824,"Wade Miley",8779,489119
"Nabil Crismatt","LAD",89.66191489361704,112.59851063829788,0.26923077,"Nabil Crismatt",17732,622503
"Jhonathan Díaz","SEA",96.44760416666666,94.00177083333335,0.26923077,"Jhonathan Diaz",20298,646242
"Yerry De los Santos","NYY",95.20813056379824,100.10694362017806,0.2688172,"Yerry De los Santos",21420,660787
"Gordon Graceffo","STL",88.96994813767088,105.71647807637909,0.26851852,"Gordon Graceffo",29519,700669
"Joey Estes","OAK",95.7145777900785,105.51088768079761,0.26837607,"Joey Estes",26257,683155
"Allan Winans","ATL",82.93823129251699,91.0013605442177,0.26829268,"Allan Winans",21238,642216
"Bailey Falter","PIT",95.87803717908184,97.8905873173568,0.26824034,"Bailey Falter",20070,663559
"Stephen Kolek","SDP",102.22482669520438,103.8484833891681,0.26789838,"Stephen Kolek",21487,663568
"Janson Junk","- - -",94.91818952062431,115.59339600470035,0.26751592,"Janson Junk",23301,676083
"Ty Madden","DET",95.00153846153844,95.46962779156328,0.26732673,"Ty Madden",30140,680744
"Braxton Garrett","MIA",95.67165247018741,101.61611584327085,0.26708075,"Braxton Garrett",21844,666129
"Joely Rodríguez","BOS",101.64758064516131,99.22798387096772,0.265625,"Joely Rodriguez",11487,570257
"Logan Allen","ARI",95.93182978723407,97.38434042553195,0.265625,"Logan Allen",18555,663531
"Randy Dobnak","MIN",79.68633000587198,109.16477350893382,0.265625,"Randy Dobnak",23798,677976
"Burch Smith","- - -",104.25812503929185,96.93312854814586,0.26556017,"Burch Smith",12784,572143
"Quinn Priester","- - -",95.0295696581913,98.16432296649491,0.26538462,"Quinn Priester",25977,682990
"Nick Vespi","BAL",100.04994082840234,96.43739644970414,0.26530612,"Nick Vespi",21093,663989
"Jordan Montgomery","ARI",92.51365215988679,97.51726689172806,0.26503759,"Jordan Montgomery",16511,656756
"Kyle Hendricks","- - -",84.2434772854516,107.87282370431346,0.26470588,"Kyle Hendricks",12049,543294
"Hunter Stratton","PIT",105.38999315266352,96.97365888495408,0.26470588,"Hunter Stratton",23455,676702
"Kevin Herget","- - -",95.46543533475567,92.22872769142198,0.26415094,"Kevin Herget",15369,643361
"Jordan Lyles","KCR",82.41722222222222,93.6911111111111,0.26315789,"Jordan Lyles",7593,543475
"Matt Gage","DET",95.89969230769233,96.39969230769232,0.26315789,"Matt Gage",17381,657424
"Kyle Backhus","ARI",105.35885714285716,86.37285714285713,0.26315789,"Kyle Backhus",29615,679775
"Zach Eflin","- - -",98.06837619425599,107.99413835888656,0.26243386,"Zach Eflin",13774,621107
"Hunter Dobbins","BOS",97.30057575905738,104.8640819998463,0.26209677,"Hunter Dobbins",30240,690928
"Cooper Criswell","BOS",103.07964927263046,102.15249582484138,0.26170213,"Cooper Criswell",24975,681867
"Nick Martinez","CIN",93.84369961860155,111.35510716614223,0.2616721,"Nick Martinez",12730,607259
"Miguel Castro","- - -",95.82872351185961,95.81200677691805,0.26086957,"Miguel Castro",15684,612434
"Austin Gomber","COL",90.95059243275422,105.43420163408871,0.26081081,"Austin Gomber",16561,596295
"José Ureña","- - -",93.03941452306742,101.23441040446392,0.26055046,"Jose Urena",11589,570632
"Kyle Freeland","COL",92.3230449928879,104.95637817274182,0.2603912,"Kyle Freeland",16256,607536
"Johnny Cueto","LAA",82.04958083832337,97.14598802395209,0.26,"Johnny Cueto",6893,456501
"Jakob Junis","- - -",96.48777913988411,109.79544515938987,0.25944584,"Jakob Junis",13619,596001
"Ian Gibaut","CIN",88.29425433773217,107.2895953995601,0.25925926,"Ian Gibaut",17871,664139
"Jose A. Ferrer","WSN",113.98856219139492,99.91275879583084,0.25913621,"Jose A. Ferrer",24017,678606
"Cody Poteet","- - -",88.76916175547319,100.28263726026287,0.25892857,"Cody Poteet",18769,547001
"Brent Suter","CIN",104.86738705950877,97.67324395573449,0.25837321,"Brent Suter",13942,608718
"Marco Gonzales","PIT",84.02138181818182,98.42381818181816,0.25827815,"Marco Gonzales",15467,594835
"Michael McGreevy","STL",91.43625627320091,120.2814995744983,0.25827815,"Michael McGreevy",29869,700241
"Darius Vines","ATL",83.62568093385214,106.32544747081712,0.25757576,"Darius Vines",25928,670241
"Kyle Muller","OAK",94.26458563535911,103.08392265193372,0.25742574,"Kyle Muller",20167,666205
"Justin Topa","MIN",100.50323783993446,103.21961508059248,0.25735294,"Justin Topa",15145,623437
"Tyler Phillips","- - -",96.13135903571367,104.66600509604501,0.25705329,"Tyler Phillips",20629,663969
"Randy Vásquez","SDP",99.1690987080111,97.85937820362643,0.25581395,"Randy Vasquez",24719,681190
"Cade Horton","CHC",95.49199991446065,102.29425315851886,0.25568182,"Cade Horton",31872,690990
"Jack O'Loughlin","OAK",85.85944134078211,88.05519553072627,0.25531915,"Jack O'Loughlin",22690,672552
"Ricardo Pinto","PHI",89.37918552036199,92.60552036199093,0.25423729,"Ricardo Pinto",16318,620982
"Cole Irvin","- - -",93.67663666552973,99.93445132390215,0.25406504,"Cole Irvin",19244,608344
"Taylor Clarke","KCR",93.9085401459854,103.17722627737224,0.25373134,"Taylor Clarke",17611,664199
"Sawyer Gipson-Long","DET",97.9383606557377,109.04049180327868,0.25352113,"Sawyer Gipson-Long",26048,687830
"Dylan Floro","- - -",93.13644204907095,103.22066256031204,0.25089606,"Dylan Floro",13394,571670
"Anthony Molina","COL",90.42952725756898,103.96030296711749,0.25084746,"Anthony Molina",26952,683627
"Jack Kochanowicz","LAA",97.03752569282916,95.6741238718322,0.25041459,"Jack Kochanowicz",27688,686799
"Paolo Espino","TOR",90.6426582278481,93.0953164556962,0.25,"Paolo Espino",8246,502179
"Matt Barnes","WSN",81.88932203389832,99.99703389830508,0.25,"Matt Barnes",12863,598264
"Austin Hedges","CLE",57.25600775193798,97.16036821705426,0.25,"Austin Hedges",12976,595978
"John Curtiss","COL",93.31947368421054,117.08894736842106,0.25,"John Curtiss",16128,595928
"John Means","BAL",99.17622641509435,105.75786163522011,0.25,"John Means",16269,607644
"Cole Tucker","LAA",23.477999999999994,34.444,0.25,"Cole Tucker",17326,657061
"JT Brubaker","NYY",71.43388888888889,104.63444444444445,0.25,"JT Brubaker",17578,664141
"Zach McKinstry","DET",19.084166666666665,82.5475,0.25,"Zach McKinstry",19392,656716
"Nick Pratto","KCR",83.9,99.26,0.25,"Nick Pratto",22117,668472
"Joan Adon","WSN",93.00858105939005,94.49278330658106,0.25,"Joan Adon",22925,672851
"Robinson Piña","MIA",91.92235294117647,108.31529411764707,0.25,"Robinson Pina",23091,673820
"Joe Jacques","- - -",106.2148,71.246,0.25,"Joe Jacques",25178,682175
"Xzavion Curry","- - -",89.39170111082345,104.76038052225441,0.25,"Xzavion Curry",25595,675540
"Blas Castaño","SEA",80.75319999999999,86.4,0.25,"Blas Castano",26117,680604
"Patrick Monteverde","MIA",97.42390804597703,89.54022988505747,0.25,"Patrick Monteverde",29564,687287
"James Meeker","MIL",87.57499999999999,61.80499999999999,0.25,"James Meeker",29891,703231
"Tim Mayza","- - -",101.1468230875025,99.73458055379153,0.24680851,"Tim Mayza",15042,641835
"Tanner Gordon","COL",86.82231180340557,103.87654616873064,0.24675325,"Tanner Gordon",27669,685299
"Germán Márquez","COL",89.24259071419655,96.03487913207458,0.2465374,"German Marquez",15038,608566
"Josh Fleming","PIT",99.36732761104322,94.22715333142094,0.24637681,"Josh Fleming",20418,676596
"Jake Woodford","- - -",91.41749356793729,99.25112815292043,0.24550898,"Jake Woodford",18674,663765
"Richard Fitts","BOS",98.14630380505342,102.88418645457877,0.24431818,"Richard Fitts",30160,690916
"Jonathan Bermúdez","MIA",79.1573948681397,86.52707769066286,0.24242424,"Jonathan Bermudez",21241,642834
"Brenan Hanifee","DET",101.73049272862227,102.86056299269194,0.24054983,"Brenan Hanifee",22304,669724
"Tyler Rogers","SFG",121.3294041093823,108.39950850952837,0.24047619,"Tyler Rogers",15541,643511
"Vinny Nittoli","- - -",107.3814606741573,101.40719101123595,0.23913043,"Vinny Nittoli",16754,657697
"Miles Mikolas","STL",92.39463214462913,107.70346361698468,0.23854962,"Miles Mikolas",9803,571945
"T.J. McFarland","OAK",90.83865182399298,108.95470966617394,0.2384106,"T.J. McFarland",3237,519008
"Max Kranick","NYM",102.14140151515151,107.32859848484848,0.23648649,"Max Kranick",22175,668820
"Jackson Stephens","ATL",86.73450980392158,95.37686274509804,0.23529412,"Jackson Stephens",14420,623451
"Owen White","- - -",93.81550026028111,93.76861114003124,0.23404255,"Owen White",22273,669391
"Antonio Senzatela","COL",85.70839103201416,102.50132709031666,0.23333333,"Antonio Senzatela",15488,622608
"Sean Guenther","DET",93.02888823427482,107.93427655518978,0.23275862,"Sean Guenther",20045,674944
"Tomoyuki Sugano","BAL",92.03523300229182,104.00252100840335,0.23275862,"Tomoyuki Sugano",35321,608372
"Logan VanWey","HOU",97.97225,98.60750000000002,0.23255814,"Logan VanWey",31884,701121
"Jhony Brito","SDP",103.56187004754358,102.93264659270999,0.23243243,"Jhony Brito",25386,666745
"Drey Jameson","ARI",103.14792452830187,68.35471698113207,0.23076923,"Drey Jameson",26260,686753
"Shaun Anderson","- - -",83.53089611872144,107.71683394801545,0.22962963,"Shaun Anderson",19453,641312
"Humberto Castellanos","ARI",97.17763440860216,83.23043010752687,0.22916667,"Humberto Castellanos",21183,528748
"Brandon Bielak","- - -",86.98882363665966,96.07134087188655,0.22857143,"Brandon Bielak",19866,656232
"Kolby Allard","- - -",87.87135763546387,103.9316259042916,0.22844828,"Kolby Allard",18694,663465
"Brandon Waddell","NYM",93.76639053254438,109.23467455621302,0.22727273,"Brandon Waddell",18347,663399
"Didier Fuentes","ATL",113.45264367816091,103.29862068965517,0.22727273,"Didier Fuentes",30661,800311
"Alex Cobb","CLE",101.26404958677684,112.57752066115702,0.22580645,"Alex Cobb",6562,502171
"Brett de Geus","- - -",95.82718997305042,103.07802883175772,0.22580645,"Brett de Geus",23592,676969
"Kendall Graveman","ARI",89.21140939597316,84.62657718120803,0.225,"Kendall Graveman",15514,608665
"Logan Gillaspie","SDP",90.23049429657794,106.67079847908745,0.225,"Logan Gillaspie",22461,670810
"Ryan Loutos","- - -",78.2435660313921,110.322385022385,0.2244898,"Ryan Loutos",29521,702795
"Gregory Santos","SEA",104.66871714391488,93.43916011825237,0.2238806,"Gregory Santos",21894,666619
"Isiah Kiner-Falefa","TOR",0.42777777777776926,66.5911111111111,0.22222222,"Isiah Kiner-Falefa",16512,643396
"Shohei Ohtani","LAD",121.76928571428572,88.16,0.22222222,"Shohei Ohtani",19755,660271
"John King","STL",102.89044567687468,104.86198895193588,0.2195122,"John King",22051,667463
"Justin Hagenman","NYM",96.6065909090909,115.43613636363635,0.2173913,"Justin Hagenman",21546,663795
"Ty Blach","COL",78.51781283192959,103.65393626544122,0.21515152,"Ty Blach",14361,621389
"Brent Honeywell","- - -",92.48924919786096,100.70887069009422,0.2147651,"Brent Honeywell",16466,641703
"David Buchanan","CIN",92.40137931034482,84.70344827586207,0.21428571,"David Buchanan",11176,571527
"Garrett Stubbs","PHI",29.700307692307696,94.10953846153846,0.21052632,"Garrett Stubbs",18067,596117
"Sixto Sánchez","MIA",91.33325742074352,99.59942892827723,0.20987654,"Sixto Sanchez",19680,664350
"Phil Bickford","NYY",101.46249999999999,84.64342105263161,0.20512821,"Phil Bickford",18519,641360
"Ross Stripling","OAK",84.5378015716603,110.94373599263999,0.20472441,"Ross Stripling",13273,548389
"Cade Gibson","MIA",97.1422989094514,99.6285632848645,0.20212766,"Cade Gibson",31815,806188
"Aaron Brooks","OAK",87.5678287841191,100.01483043837881,0.20168067,"Aaron Brooks",12272,605156
"Brandon Crawford","STL",70.66742857142857,30.691428571428574,0.2,"Brandon Crawford",5343,543063
"James McCann","BAL",38.071999999999996,84.816,0.2,"James McCann",12859,543510
"David Bote","CHC",42.064,111.13466666666666,0.2,"David Bote",14593,623520
"Luis Guillorme","- - -",12.70279069767442,97.07023255813955,0.2,"Luis Guillorme",16451,641645
"Eddy Alvarez","NYM",27.390769230769227,88.5923076923077,0.2,"Eddy Alvarez",16959,657193
"Pavin Smith","ARI",69.70588235294117,52.22588235294118,0.2,"Pavin Smith",19892,656976
"Logan Porter","SFG",10.450666666666667,113.23066666666666,0.2,"Logan Porter",20626,682515
"Yaramil Hiraldo","BAL",93.08818181818182,76.55545454545455,0.2,"Yaramil Hiraldo",25215,682274
"Kade Strowd","BAL",121.07600000000001,72.988,0.2,"Kade Strowd",26191,669704
"Trevor McDonald","SFG",94.75487179487179,91.11641025641026,0.2,"Trevor McDonald",26448,686790
"Jackson Perkins","ATH",,,0.2,"Jackson Perkins",31468,678022
"Tim Hill","- - -",117.51045745816592,98.26160735553574,0.19858156,"Tim Hill",16814,657612
"Nick Ramirez","LAD",97.81388601036265,80.09533678756479,0.19047619,"Nick Ramirez",12575,598286
"Alan Busenitz","CIN",89.84410256410258,105.44974358974362,0.19047619,"Alan Busenitz",15239,641427
"Austin Kitchen","MIA",91.401080913378,110.33854554480018,0.19047619,"Austin Kitchen",27910,685116
"Jake Bauers","MIL",68.10784810126582,82.02183421804818,0.18367347,"Jake Bauers",15194,641343
"Enrique Hernández","LAD",40.04980185758514,103.61385139318885,0.18181818,"Enrique Hernandez",10472,571771
"Andrew Knizner","TEX",69.70055555555557,74.35055555555556,0.18181818,"Andrew Knizner",19514,668800
"Jack Little","LAD",99.97885714285715,83.38228571428571,0.18181818,"Jack Little",26152,669193
"Parker Mushinski","HOU",102.94247422680414,96.89814432989688,0.18,"Parker Mushinski",21324,656786
"Justin Garza","NYM",98.19885057471267,97.26459770114941,0.17857143,"Justin Garza",19784,621057
"Dylan Smith","DET",95.18141176470589,71.164,0.17391304,"Dylan Smith",30145,681916
"Tyler Wade","SDP",29.581111111111113,84.48111111111112,0.16666667,"Tyler Wade",15730,642180
"Lucas Gilbreath","COL",89.69361702127661,85.29489361702129,0.16666667,"Lucas Gilbreath",21290,656458
"Freddy Tarnok","MIA",88.9653333333333,86.93133333333334,0.16666667,"Freddy Tarnok",23324,676206
"Owen Miller","MIL",51.68,84.98,0.16666667,"Owen Miller",24655,680911
"Robert Gasser","MIL",105.37814070351757,98.2270351758794,0.16666667,"Robert Gasser",29812,688107
"Jonah Bride","MIN",52.1560736196319,82.82184049079753,0.16216216,"Jonah Bride",24703,681146
"Tucker Davidson","BAL",102.30388059701492,100.4220895522388,0.15789474,"Tucker Davidson",19871,656353
"Pablo Reyes","- - -",40.17333333333334,92.12611111111111,0.15384615,"Pablo Reyes",16357,622569
"Jose Trevino","NYY",60.02930232558139,110.09999999999998,0.15384615,"Jose Trevino",16725,624431
"Joel Kuhnel","- - -",89.04863611859838,111.39984905660378,0.15384615,"Joel Kuhnel",19995,669270
"Seth Johnson","PHI",99.83764282501126,82.97549707602339,0.15384615,"Seth Johnson",26020,686751
"Kyle Hurt","LAD",94.09942988505748,100.22676781609196,0.14814815,"Kyle Hurt",27514,669165
"Nathan Wiles","ATL",95.15499999999999,114.6425,0.14285714,"Nathan Wiles",25474,686249
"Tyler Owens","DET",89.87277777777778,115.6488888888889,0.14285714,"Tyler Owens",26030,687074
"Josh Rogers","COL",84.97141176470589,99.73729411764704,0.14,"Josh Rogers",18510,642028
"Miguel Rojas","LAD",32.34022509102945,108.1054750082754,0.13043478,"Miguel Rojas",7802,500743
"Casey Lawrence","- - -",87.49371448636914,111.31253591266044,0.125,"Casey Lawrence",11121,596271
"Jacob Stallings","COL",57.103181818181824,95.10772727272727,0.125,"Jacob Stallings",13723,607732
"Abraham Toro","BOS",25.634666666666668,60.97333333333334,0.125,"Abraham Toro",19844,647351
"Vinny Capra","CHW",26.132592592592594,90.56074074074075,0.125,"Vinny Capra",25040,681962
"Will Wilson","CLE",36.637692307692305,78.72846153846154,0.125,"Will Wilson",25434,669717
"Javier Sanoja","MIA",56.26440528634362,99.97259911894274,0.125,"Javier Sanoja",28253,691594
"Andre Granillo","STL",98.72124999999998,108.91604166666667,0.125,"Andre Granillo",29542,701552
"Emmanuel Rivera","- - -",51.221782178217815,86.02891089108911,0.12121212,"Emmanuel Rivera",19890,656896
"Ildemaro Vargas","WSN",37.80347826086957,99.5113043478261,0.11111111,"Ildemaro Vargas",13324,545121
"David Hensley","MIA",62.46307692307692,63.323076923076925,0.1,"David Hensley",25111,682073
"Dominic Smith","BOS",60.332258064516125,88.01290322580645,0.09090909,"Dominic Smith",15653,642086
"Brady Feigl","PIT",87.06772727272727,102.91590909090907,0.09090909,"Brady Feigl",15968,621399
"Rowdy Tellez","PIT",72.6690909090909,75.67545454545456,0.06666667,"Rowdy Tellez",15679,642133
"Leo Rivas","SEA",50.80842105263159,79.9578947368421,0.06666667,"Leo Rivas",21009,660844
"Ricky Vanasco","- - -",90.26831275720166,106.10169547325103,0.06666667,"Ricky Vanasco",23391,676568
"Tucker Barnhart","- - -",35.29818181818182,103.0969696969697,0.05555556,"Tucker Barnhart",10200,571466
"Luke Maile","CIN",30.102153846153843,84.05323076923077,0.05555556,"Luke Maile",13355,571912
"Kyle Farmer","MIN",37.97414634146342,99.22975609756098,0.05263158,"Kyle Farmer",14813,571657
"Luke Williams","ATL",25.159701492537305,99.25373134328358,0.04347826,"Luke Williams",19931,663897
"Chasen Shreve","COL",87.682,75.97,0,"Chasen Shreve",10855,592741
"Miguel Sanó","LAA",61.419999999999995,101.69333333333333,0,"Miguel Sano",12164,593934
"Tomás Nido","DET",41.59777777777778,107.08666666666666,0,"Tomas Nido",13755,621512
"Tyler Heineman","TOR",-22.939999999999998,159.69,0,"Tyler Heineman",13897,623168
"Wander Suero","HOU",115.9,136.14,0,"Wander Suero",15855,593833
"Luis Torrens","NYM",19.260000000000005,106.52,0,"Luis Torrens",15905,620443
"Luis F. Ortiz","PHI",104.85272727272726,101.82727272727271,0,"Luis F. Ortiz",16942,656814
"Jose Herrera","ARI",44.54333333333333,96.47333333333331,0,"Jose Herrera",17040,645444
"Willi Castro","MIN",26.094814814814814,129.85851851851854,0,"Willi Castro",17338,650489
"Miguel Díaz","HOU",93.97999999999999,106.09,0,"Miguel Diaz",18815,622766
"Danny Mendick","CHW",52.19333333333334,113.464,0,"Danny Mendick",18889,664901
"Garrett Hampson","KCR",19.990769230769235,125.60307692307691,0,"Garrett Hampson",19262,641658
"Donovan Walton","SFG",34.3,109.34,0,"Donovan Walton",19314,622268
"Weston Wilson","PHI",39.764,104.29654545454547,0,"Weston Wilson",19358,642215
"Jake Rogers","DET",45.56000000000001,120.24666666666667,0,"Jake Rogers",19452,668670
"Alan Trejo","COL",50.253750000000004,121.08125,0,"Alan Trejo",20056,676701
"Ernie Clement","TOR",45.595,56.275000000000006,0,"Ernie Clement",20352,676391
"César Salazar","HOU",23.41909090909091,42.34272727272726,0,"Cesar Salazar",21587,663967
"Jacob Amaya","CHW",33.28,140.78,0,"Jacob Amaya",23296,676070
"Ezequiel Duran","TEX",20.221052631578946,108.41368421052633,0,"Ezequiel Duran",23733,677649
"Adam Kloffenstein","STL",116.27333333333334,75.348,0,"Adam Kloffenstein",24493,680572
"Willie MacIver","ATH",40.53285714285715,91.73714285714286,0,"Willie MacIver",24641,680862
"Michael Stefanic","- - -",23.895454545454548,101.39727272727272,0,"Michael Stefanic",25353,683021
"Grae Kessinger","HOU",66.18,133.76,0,"Grae Kessinger",25813,666197
"Tyler Fitzgerald","SFG",52.76222222222222,96.43944444444443,0,"Tyler Fitzgerald",26208,666149
"Matt Wallner","MIN",24.49904761904762,120.80571428571429,0,"Matt Wallner",26466,670242
"Evan Kravetz","CIN",85.99499999999999,78.52000000000001,0,"Evan Kravetz",27536,667478
"Alec Burleson","STL",46,8.9,0,"Alec Burleson",27615,676475
"Nick Loftin","KCR",31.762500000000003,97.86000000000001,0,"Nick Loftin",27630,679845
"Christian Koss","SFG",27.73428571428571,81.19142857142856,0,"Christian Koss",27653,683766
"Matt Mervis","CHC",21.195675675675684,137.45783783783784,0,"Matt Mervis",27845,670223
"Jake Palisch","CHW",85.34333333333335,106.555,0,"Jake Palisch",31598,669449